TARGET_CLASS_NAME,TARGET_CLASS_IMAGE,SECONDARY_CLASS_NAME_1,SECONDARY_CLASS_IMAGE_1,COSINE_DISTANCE_SCORE_1
bkl,ISIC_0027815.jpg,mel,ISIC_0024647.jpg,0.9251814086220085
bkl,ISIC_0029897.jpg,mel,ISIC_0024647.jpg,0.9306623554428567
bkl,ISIC_0024893.jpg,nv,ISIC_0030819.jpg,0.9423236633835786
bkl,ISIC_0029413.jpg,mel,ISIC_0033487.jpg,0.9554030617388393
bkl,ISIC_0032343.jpg,nv,ISIC_0034277.jpg,0.9575937299374851
bkl,ISIC_0032978.jpg,mel,ISIC_0034132.jpg,0.9590337923010589
bkl,ISIC_0024592.jpg,nv,ISIC_0029833.jpg,0.9601186760070854
bkl,ISIC_0030835.jpg,mel,ISIC_0026892.jpg,0.9660935255499145
bkl,ISIC_0025716.jpg,nv,ISIC_0029156.jpg,0.9664518529422298
bkl,ISIC_0031050.jpg,mel,ISIC_0032733.jpg,0.9684617168996514
bkl,ISIC_0029288.jpg,nv,ISIC_0029792.jpg,0.9685258380731786
bkl,ISIC_0030118.jpg,nv,ISIC_0028170.jpg,0.9690821389017081
bkl,ISIC_0028233.jpg,nv,ISIC_0028166.jpg,0.9694286872864719
bkl,ISIC_0034031.jpg,df,ISIC_0025314.jpg,0.9694986526512133
bkl,ISIC_0031334.jpg,bcc,ISIC_0031597.jpg,0.9705077382204669
bkl,ISIC_0025885.jpg,nv,ISIC_0026761.jpg,0.9724596045765737
bkl,ISIC_0027850.jpg,nv,ISIC_0033739.jpg,0.972735184667298
bkl,ISIC_0028123.jpg,nv,ISIC_0029208.jpg,0.9734936428266981
bkl,ISIC_0024832.jpg,nv,ISIC_0025473.jpg,0.9735940054368857
bkl,ISIC_0028209.jpg,nv,ISIC_0029208.jpg,0.9736037431084199
bkl,ISIC_0024381.jpg,nv,ISIC_0030603.jpg,0.9737007526135756
bkl,ISIC_0025312.jpg,nv,ISIC_0029208.jpg,0.9746077089189529
bkl,ISIC_0032898.jpg,nv,ISIC_0033703.jpg,0.9747666647222247
bkl,ISIC_0025838.jpg,nv,ISIC_0027020.jpg,0.975549309062461
bkl,ISIC_0026248.jpg,bcc,ISIC_0026275.jpg,0.9758349697811401
bkl,ISIC_0034259.jpg,vasc,ISIC_0031996.jpg,0.975900158648226
bkl,ISIC_0025654.jpg,nv,ISIC_0024917.jpg,0.9761880273878846
bkl,ISIC_0031556.jpg,nv,ISIC_0026666.jpg,0.9762270996782924
bkl,ISIC_0030189.jpg,akiec,ISIC_0028619.jpg,0.9769173524505114
bkl,ISIC_0033410.jpg,nv,ISIC_0032702.jpg,0.9770125523292683
bkl,ISIC_0026085.jpg,df,ISIC_0029973.jpg,0.9771042321493989
bkl,ISIC_0027820.jpg,nv,ISIC_0029208.jpg,0.9772024763931452
bkl,ISIC_0032694.jpg,mel,ISIC_0032810.jpg,0.9775196951411373
bkl,ISIC_0032215.jpg,nv,ISIC_0027415.jpg,0.977704857348837
bkl,ISIC_0032756.jpg,nv,ISIC_0033326.jpg,0.9781503576938853
bkl,ISIC_0027681.jpg,df,ISIC_0030015.jpg,0.9784359371871064
bkl,ISIC_0034007.jpg,bcc,ISIC_0024448.jpg,0.9786149919743025
bkl,ISIC_0029683.jpg,nv,ISIC_0028903.jpg,0.978650030568426
bkl,ISIC_0032665.jpg,mel,ISIC_0033526.jpg,0.9787963798500632
bkl,ISIC_0025554.jpg,bcc,ISIC_0028978.jpg,0.9789771846559739
bkl,ISIC_0025136.jpg,df,ISIC_0029130.jpg,0.97900413289003
bkl,ISIC_0033576.jpg,nv,ISIC_0032679.jpg,0.979198425515813
bkl,ISIC_0033321.jpg,mel,ISIC_0033538.jpg,0.9792103822960483
bkl,ISIC_0032725.jpg,akiec,ISIC_0025696.jpg,0.9792582325562378
bkl,ISIC_0027042.jpg,nv,ISIC_0027932.jpg,0.9792719354382783
bkl,ISIC_0030522.jpg,mel,ISIC_0030032.jpg,0.9792957033706094
bkl,ISIC_0030203.jpg,mel,ISIC_0034170.jpg,0.9795907773012014
bkl,ISIC_0032031.jpg,bcc,ISIC_0029747.jpg,0.9799468619111683
bkl,ISIC_0033235.jpg,nv,ISIC_0034184.jpg,0.980086466021044
bkl,ISIC_0027893.jpg,mel,ISIC_0031386.jpg,0.9802874612801873
bkl,ISIC_0031218.jpg,nv,ISIC_0030874.jpg,0.9805067549861164
bkl,ISIC_0026523.jpg,nv,ISIC_0025477.jpg,0.9805495824915075
bkl,ISIC_0030124.jpg,nv,ISIC_0030466.jpg,0.9808178869588263
bkl,ISIC_0029924.jpg,akiec,ISIC_0028619.jpg,0.9814038761418954
bkl,ISIC_0033523.jpg,akiec,ISIC_0032897.jpg,0.9818128377502052
bkl,ISIC_0026263.jpg,nv,ISIC_0033558.jpg,0.9821201237416359
bkl,ISIC_0033156.jpg,nv,ISIC_0032668.jpg,0.982128991836124
bkl,ISIC_0029613.jpg,mel,ISIC_0032441.jpg,0.9823985819408695
bkl,ISIC_0026290.jpg,mel,ISIC_0026647.jpg,0.9824072277661108
bkl,ISIC_0034167.jpg,nv,ISIC_0025499.jpg,0.9824425669372523
bkl,ISIC_0027295.jpg,df,ISIC_0025771.jpg,0.9824737948730005
bkl,ISIC_0033949.jpg,nv,ISIC_0034158.jpg,0.9826725167365241
bkl,ISIC_0030998.jpg,nv,ISIC_0031649.jpg,0.9829403250643466
bkl,ISIC_0026265.jpg,nv,ISIC_0030422.jpg,0.9829947470766088
bkl,ISIC_0026675.jpg,bcc,ISIC_0031925.jpg,0.9830117824638933
bkl,ISIC_0029101.jpg,akiec,ISIC_0025319.jpg,0.9830474809641718
bkl,ISIC_0032877.jpg,mel,ISIC_0032810.jpg,0.9830688897318606
bkl,ISIC_0025519.jpg,bcc,ISIC_0025019.jpg,0.9830762959755874
bkl,ISIC_0028343.jpg,bcc,ISIC_0026117.jpg,0.9832627102227397
bkl,ISIC_0032063.jpg,nv,ISIC_0024395.jpg,0.983315671641435
bkl,ISIC_0031522.jpg,nv,ISIC_0028098.jpg,0.9833804150695964
bkl,ISIC_0026481.jpg,mel,ISIC_0034005.jpg,0.9834277277860465
bkl,ISIC_0030965.jpg,mel,ISIC_0025268.jpg,0.9835126071223431
bkl,ISIC_0024626.jpg,mel,ISIC_0026258.jpg,0.9835131141313618
bkl,ISIC_0030789.jpg,nv,ISIC_0026214.jpg,0.9835272312733172
bkl,ISIC_0029880.jpg,nv,ISIC_0033404.jpg,0.9835362551606336
bkl,ISIC_0032576.jpg,nv,ISIC_0033065.jpg,0.9836040348455859
bkl,ISIC_0029100.jpg,nv,ISIC_0032880.jpg,0.9837190993392427
bkl,ISIC_0027017.jpg,bcc,ISIC_0026090.jpg,0.983823250475147
bkl,ISIC_0029682.jpg,nv,ISIC_0033849.jpg,0.9838476260611818
bkl,ISIC_0032773.jpg,nv,ISIC_0033650.jpg,0.9839589324935981
bkl,ISIC_0027320.jpg,akiec,ISIC_0026319.jpg,0.9840643324339067
bkl,ISIC_0029308.jpg,akiec,ISIC_0024654.jpg,0.9840945607839378
bkl,ISIC_0026015.jpg,bcc,ISIC_0028095.jpg,0.9840990360795605
bkl,ISIC_0033582.jpg,akiec,ISIC_0033869.jpg,0.9841465786376917
bkl,ISIC_0032763.jpg,mel,ISIC_0025265.jpg,0.9842051910657086
bkl,ISIC_0030258.jpg,nv,ISIC_0034099.jpg,0.9842576424131638
bkl,ISIC_0031633.jpg,nv,ISIC_0034043.jpg,0.9843053672380017
bkl,ISIC_0032445.jpg,df,ISIC_0031344.jpg,0.9843160757260061
bkl,ISIC_0026958.jpg,nv,ISIC_0028281.jpg,0.9843209410539004
bkl,ISIC_0033539.jpg,nv,ISIC_0034237.jpg,0.9843587619475658
bkl,ISIC_0033601.jpg,nv,ISIC_0034122.jpg,0.9843847364864813
bkl,ISIC_0028970.jpg,akiec,ISIC_0032014.jpg,0.984476446057942
bkl,ISIC_0033130.jpg,nv,ISIC_0024591.jpg,0.9844846267455069
bkl,ISIC_0033088.jpg,nv,ISIC_0032563.jpg,0.9845013466689068
bkl,ISIC_0032863.jpg,mel,ISIC_0033611.jpg,0.9846090292314431
bkl,ISIC_0029472.jpg,nv,ISIC_0032551.jpg,0.9846356433647582
bkl,ISIC_0032967.jpg,bcc,ISIC_0025383.jpg,0.984694080543398
bkl,ISIC_0024602.jpg,bcc,ISIC_0029747.jpg,0.9847203092933308
bkl,ISIC_0027606.jpg,vasc,ISIC_0033565.jpg,0.9849076383955909
bkl,ISIC_0028354.jpg,nv,ISIC_0025998.jpg,0.9849819677673064
bkl,ISIC_0029051.jpg,nv,ISIC_0033211.jpg,0.9850407395891435
bkl,ISIC_0030319.jpg,bcc,ISIC_0026090.jpg,0.9850667238731571
bkl,ISIC_0031289.jpg,akiec,ISIC_0028499.jpg,0.9850760427585274
bkl,ISIC_0034303.jpg,df,ISIC_0024318.jpg,0.9851098345922437
bkl,ISIC_0030188.jpg,nv,ISIC_0030252.jpg,0.9851388873674882
bkl,ISIC_0033646.jpg,nv,ISIC_0032830.jpg,0.9852304129023299
bkl,ISIC_0025075.jpg,vasc,ISIC_0030283.jpg,0.9852883232020281
bkl,ISIC_0028749.jpg,nv,ISIC_0026237.jpg,0.9853281105040125
bkl,ISIC_0034315.jpg,bcc,ISIC_0032799.jpg,0.9853556884964654
bkl,ISIC_0030130.jpg,nv,ISIC_0025610.jpg,0.9853720424505084
bkl,ISIC_0032168.jpg,nv,ISIC_0024695.jpg,0.9854411146242491
bkl,ISIC_0026634.jpg,akiec,ISIC_0033869.jpg,0.9854512681273123
bkl,ISIC_0030465.jpg,nv,ISIC_0026559.jpg,0.9854909859794518
bkl,ISIC_0033791.jpg,nv,ISIC_0034122.jpg,0.9855731686033886
bkl,ISIC_0032829.jpg,nv,ISIC_0033459.jpg,0.9856277327572889
bkl,ISIC_0030095.jpg,bcc,ISIC_0032174.jpg,0.9856379055151602
bkl,ISIC_0032129.jpg,nv,ISIC_0029786.jpg,0.9857125920113305
bkl,ISIC_0025387.jpg,mel,ISIC_0031386.jpg,0.9857616450348363
bkl,ISIC_0032997.jpg,nv,ISIC_0033155.jpg,0.9857890920008103
bkl,ISIC_0024851.jpg,bcc,ISIC_0027675.jpg,0.9858073007600564
bkl,ISIC_0029213.jpg,nv,ISIC_0029160.jpg,0.985905514582241
bkl,ISIC_0032045.jpg,akiec,ISIC_0029830.jpg,0.9859310593793827
bkl,ISIC_0024623.jpg,vasc,ISIC_0025249.jpg,0.9859558211493764
bkl,ISIC_0026291.jpg,nv,ISIC_0027415.jpg,0.9859905142981212
bkl,ISIC_0030608.jpg,nv,ISIC_0033622.jpg,0.9860224111467109
bkl,ISIC_0032618.jpg,vasc,ISIC_0033565.jpg,0.9860424712752696
bkl,ISIC_0028640.jpg,bcc,ISIC_0032174.jpg,0.986087174737733
bkl,ISIC_0033587.jpg,nv,ISIC_0033021.jpg,0.9861392413560341
bkl,ISIC_0029206.jpg,bcc,ISIC_0032174.jpg,0.9861415361820314
bkl,ISIC_0027287.jpg,nv,ISIC_0027087.jpg,0.9864590886916793
bkl,ISIC_0033200.jpg,nv,ISIC_0030817.jpg,0.9865326729676862
bkl,ISIC_0025703.jpg,nv,ISIC_0027225.jpg,0.986728772760553
bkl,ISIC_0033629.jpg,nv,ISIC_0033190.jpg,0.9867458485717231
bkl,ISIC_0025131.jpg,mel,ISIC_0024459.jpg,0.9867554275128996
bkl,ISIC_0034165.jpg,mel,ISIC_0032797.jpg,0.986787689746082
bkl,ISIC_0031677.jpg,akiec,ISIC_0029460.jpg,0.9868103618432125
bkl,ISIC_0025874.jpg,mel,ISIC_0033708.jpg,0.986860678114414
bkl,ISIC_0032567.jpg,nv,ISIC_0033071.jpg,0.9868797214173027
bkl,ISIC_0032827.jpg,akiec,ISIC_0024463.jpg,0.9869536725815068
bkl,ISIC_0028972.jpg,nv,ISIC_0033367.jpg,0.9869661244233763
bkl,ISIC_0027354.jpg,nv,ISIC_0033244.jpg,0.9870476702850798
bkl,ISIC_0028496.jpg,nv,ISIC_0027255.jpg,0.9870590549741529
bkl,ISIC_0029929.jpg,nv,ISIC_0025410.jpg,0.9870962402247966
bkl,ISIC_0032280.jpg,bcc,ISIC_0028329.jpg,0.9871565989578286
bkl,ISIC_0030731.jpg,df,ISIC_0025903.jpg,0.9871793955453572
bkl,ISIC_0028121.jpg,bcc,ISIC_0026831.jpg,0.9872304463227038
bkl,ISIC_0025867.jpg,nv,ISIC_0033303.jpg,0.9873084993798358
bkl,ISIC_0030605.jpg,nv,ISIC_0024815.jpg,0.9873832658924009
bkl,ISIC_0032159.jpg,nv,ISIC_0031451.jpg,0.9874111863004698
bkl,ISIC_0024839.jpg,nv,ISIC_0027458.jpg,0.9875172356924669
bkl,ISIC_0034189.jpg,df,ISIC_0033891.jpg,0.9875443306657121
bkl,ISIC_0033952.jpg,df,ISIC_0033675.jpg,0.9875606155312512
bkl,ISIC_0034175.jpg,akiec,ISIC_0026765.jpg,0.9875724345977765
bkl,ISIC_0025830.jpg,nv,ISIC_0028859.jpg,0.9876644958998043
bkl,ISIC_0025583.jpg,nv,ISIC_0026024.jpg,0.9876834948474829
bkl,ISIC_0029931.jpg,mel,ISIC_0027776.jpg,0.9877851340291957
bkl,ISIC_0033778.jpg,mel,ISIC_0033807.jpg,0.987821810387169
bkl,ISIC_0026107.jpg,nv,ISIC_0027308.jpg,0.9878318520669428
bkl,ISIC_0027989.jpg,nv,ISIC_0031657.jpg,0.9878643731557524
bkl,ISIC_0033829.jpg,nv,ISIC_0028488.jpg,0.9878810676699171
bkl,ISIC_0030173.jpg,df,ISIC_0029052.jpg,0.9878896873286147
bkl,ISIC_0033280.jpg,nv,ISIC_0034190.jpg,0.9879108528203929
bkl,ISIC_0026273.jpg,mel,ISIC_0025904.jpg,0.9879711779704894
bkl,ISIC_0029548.jpg,nv,ISIC_0031657.jpg,0.988002155077909
bkl,ISIC_0031819.jpg,akiec,ISIC_0027334.jpg,0.988007043312049
bkl,ISIC_0027388.jpg,bcc,ISIC_0024360.jpg,0.9880201824156815
bkl,ISIC_0031321.jpg,akiec,ISIC_0029830.jpg,0.9880223440562047
bkl,ISIC_0033124.jpg,mel,ISIC_0028056.jpg,0.9881612736308422
bkl,ISIC_0030172.jpg,nv,ISIC_0034020.jpg,0.9881676905490211
bkl,ISIC_0025086.jpg,mel,ISIC_0034062.jpg,0.9881936548002782
bkl,ISIC_0031537.jpg,nv,ISIC_0030802.jpg,0.9882002868388132
bkl,ISIC_0031783.jpg,nv,ISIC_0030981.jpg,0.9882021830243102
bkl,ISIC_0025743.jpg,nv,ISIC_0026024.jpg,0.9882301693074699
bkl,ISIC_0032826.jpg,mel,ISIC_0033004.jpg,0.9882347661715625
bkl,ISIC_0033581.jpg,df,ISIC_0033422.jpg,0.9882719366920997
bkl,ISIC_0032553.jpg,nv,ISIC_0034219.jpg,0.988305831375047
bkl,ISIC_0027451.jpg,bcc,ISIC_0032022.jpg,0.9883704191356008
bkl,ISIC_0026679.jpg,akiec,ISIC_0033869.jpg,0.9883816512115524
bkl,ISIC_0027649.jpg,nv,ISIC_0034043.jpg,0.9884142026186405
bkl,ISIC_0031468.jpg,bcc,ISIC_0026275.jpg,0.9884377035375167
bkl,ISIC_0026042.jpg,nv,ISIC_0031737.jpg,0.9884486599188785
bkl,ISIC_0024490.jpg,bcc,ISIC_0024431.jpg,0.9884623556219041
bkl,ISIC_0025982.jpg,nv,ISIC_0028596.jpg,0.9885116093701942
bkl,ISIC_0027991.jpg,nv,ISIC_0032088.jpg,0.9885286118425433
bkl,ISIC_0026661.jpg,nv,ISIC_0026389.jpg,0.9885931681785087
bkl,ISIC_0031511.jpg,nv,ISIC_0025527.jpg,0.9885940444788486
bkl,ISIC_0027584.jpg,nv,ISIC_0027358.jpg,0.9886242671256552
bkl,ISIC_0030137.jpg,nv,ISIC_0025535.jpg,0.9886443112567269
bkl,ISIC_0032654.jpg,nv,ISIC_0034043.jpg,0.9886472254825697
bkl,ISIC_0033056.jpg,nv,ISIC_0034237.jpg,0.9886813802458955
bkl,ISIC_0026717.jpg,bcc,ISIC_0031824.jpg,0.9886831859983713
bkl,ISIC_0033685.jpg,vasc,ISIC_0031996.jpg,0.9886832329365741
bkl,ISIC_0032983.jpg,nv,ISIC_0033408.jpg,0.988755853733473
bkl,ISIC_0033127.jpg,nv,ISIC_0032551.jpg,0.988759864002308
bkl,ISIC_0032681.jpg,df,ISIC_0027598.jpg,0.9887610638883577
bkl,ISIC_0033899.jpg,nv,ISIC_0034274.jpg,0.9887734272221883
bkl,ISIC_0026704.jpg,akiec,ISIC_0026319.jpg,0.9888055227328464
bkl,ISIC_0033507.jpg,nv,ISIC_0025836.jpg,0.9888355324663809
bkl,ISIC_0032732.jpg,nv,ISIC_0028851.jpg,0.9888867315925902
bkl,ISIC_0027780.jpg,nv,ISIC_0028159.jpg,0.9888908842564392
bkl,ISIC_0030723.jpg,nv,ISIC_0029983.jpg,0.9888941686749834
bkl,ISIC_0024773.jpg,df,ISIC_0025302.jpg,0.9888984748643203
bkl,ISIC_0029062.jpg,nv,ISIC_0033858.jpg,0.9889102158068307
bkl,ISIC_0028124.jpg,nv,ISIC_0031475.jpg,0.9889274216254008
bkl,ISIC_0025485.jpg,nv,ISIC_0030786.jpg,0.988964721192211
bkl,ISIC_0029161.jpg,nv,ISIC_0031817.jpg,0.9890040751179179
bkl,ISIC_0031686.jpg,nv,ISIC_0030520.jpg,0.9890317066394709
bkl,ISIC_0025507.jpg,nv,ISIC_0028596.jpg,0.9890703542196841
bkl,ISIC_0033079.jpg,nv,ISIC_0032830.jpg,0.9890757252845301
bkl,ISIC_0027509.jpg,vasc,ISIC_0030606.jpg,0.9891210698901107
bkl,ISIC_0027504.jpg,vasc,ISIC_0033349.jpg,0.9891457544499521
bkl,ISIC_0033361.jpg,nv,ISIC_0031710.jpg,0.9891844471264052
bkl,ISIC_0028104.jpg,bcc,ISIC_0031489.jpg,0.9891857298245472
bkl,ISIC_0028451.jpg,nv,ISIC_0028963.jpg,0.9891873257683825
bkl,ISIC_0033770.jpg,nv,ISIC_0031817.jpg,0.9891998157562742
bkl,ISIC_0033284.jpg,nv,ISIC_0033331.jpg,0.9892728313236014
bkl,ISIC_0025389.jpg,bcc,ISIC_0026117.jpg,0.9892758248702468
bkl,ISIC_0028931.jpg,vasc,ISIC_0025680.jpg,0.9893167903790817
bkl,ISIC_0031831.jpg,vasc,ISIC_0026876.jpg,0.9893585005112647
bkl,ISIC_0034125.jpg,nv,ISIC_0028957.jpg,0.9894703465707773
bkl,ISIC_0034235.jpg,nv,ISIC_0034304.jpg,0.9894709132967939
bkl,ISIC_0031591.jpg,bcc,ISIC_0031007.jpg,0.9895872630657334
bkl,ISIC_0024426.jpg,bcc,ISIC_0031698.jpg,0.9895963334457073
bkl,ISIC_0029576.jpg,nv,ISIC_0030930.jpg,0.9896014906218696
bkl,ISIC_0031130.jpg,nv,ISIC_0027691.jpg,0.9896055112262095
bkl,ISIC_0033460.jpg,nv,ISIC_0034020.jpg,0.9896136465096048
bkl,ISIC_0028347.jpg,nv,ISIC_0029422.jpg,0.9896452652279815
bkl,ISIC_0025434.jpg,bcc,ISIC_0032314.jpg,0.9896466631728225
bkl,ISIC_0024943.jpg,bcc,ISIC_0025793.jpg,0.9896790307858264
bkl,ISIC_0026842.jpg,vasc,ISIC_0033817.jpg,0.9897080243832297
bkl,ISIC_0028165.jpg,nv,ISIC_0025865.jpg,0.9897826004325107
bkl,ISIC_0032842.jpg,vasc,ISIC_0032867.jpg,0.9897936994211727
bkl,ISIC_0031903.jpg,nv,ISIC_0034163.jpg,0.9898018216444535
bkl,ISIC_0029243.jpg,bcc,ISIC_0030094.jpg,0.9898125927731095
bkl,ISIC_0032963.jpg,bcc,ISIC_0034058.jpg,0.9898247011919721
bkl,ISIC_0034168.jpg,nv,ISIC_0029803.jpg,0.989851001365841
bkl,ISIC_0030241.jpg,akiec,ISIC_0025029.jpg,0.989872150393595
bkl,ISIC_0032463.jpg,bcc,ISIC_0024431.jpg,0.9898862133539487
bkl,ISIC_0031876.jpg,nv,ISIC_0034260.jpg,0.9898886753264327
bkl,ISIC_0031024.jpg,nv,ISIC_0027415.jpg,0.9898898790204197
bkl,ISIC_0032972.jpg,nv,ISIC_0033733.jpg,0.989907912887928
bkl,ISIC_0033908.jpg,nv,ISIC_0034043.jpg,0.9899393079638038
bkl,ISIC_0033264.jpg,mel,ISIC_0033986.jpg,0.9899559000822421
bkl,ISIC_0033306.jpg,nv,ISIC_0025003.jpg,0.9899927223032241
bkl,ISIC_0026409.jpg,vasc,ISIC_0024375.jpg,0.9900141934699949
bkl,ISIC_0030935.jpg,nv,ISIC_0026559.jpg,0.9900327632947628
bkl,ISIC_0027713.jpg,nv,ISIC_0033343.jpg,0.9900384660469284
bkl,ISIC_0032556.jpg,nv,ISIC_0028882.jpg,0.9900867749848875
bkl,ISIC_0027239.jpg,nv,ISIC_0024663.jpg,0.9900949331077447
bkl,ISIC_0030542.jpg,nv,ISIC_0031695.jpg,0.990115355539691
bkl,ISIC_0029603.jpg,nv,ISIC_0026080.jpg,0.9901446139671031
bkl,ISIC_0033185.jpg,nv,ISIC_0032995.jpg,0.9901466688214193
bkl,ISIC_0029836.jpg,nv,ISIC_0031475.jpg,0.9901627318594615
bkl,ISIC_0033693.jpg,mel,ISIC_0032797.jpg,0.9902243133983694
bkl,ISIC_0031808.jpg,akiec,ISIC_0027172.jpg,0.9902307691104826
bkl,ISIC_0033488.jpg,nv,ISIC_0024317.jpg,0.9903471736549201
bkl,ISIC_0030768.jpg,nv,ISIC_0026145.jpg,0.9904184320611336
bkl,ISIC_0029802.jpg,vasc,ISIC_0030606.jpg,0.9904625109521237
bkl,ISIC_0024420.jpg,mel,ISIC_0034062.jpg,0.990472807158819
bkl,ISIC_0029358.jpg,nv,ISIC_0025726.jpg,0.9905305822465545
bkl,ISIC_0030240.jpg,bcc,ISIC_0031552.jpg,0.9905581764033392
bkl,ISIC_0033509.jpg,nv,ISIC_0028631.jpg,0.9905822958478981
bkl,ISIC_0033784.jpg,nv,ISIC_0031030.jpg,0.9906201496823577
bkl,ISIC_0031061.jpg,nv,ISIC_0025410.jpg,0.9906384889022293
bkl,ISIC_0032304.jpg,mel,ISIC_0032441.jpg,0.9906555103364293
bkl,ISIC_0027747.jpg,nv,ISIC_0026612.jpg,0.9906640591828259
bkl,ISIC_0029217.jpg,bcc,ISIC_0024443.jpg,0.9906751363469417
bkl,ISIC_0027770.jpg,akiec,ISIC_0029059.jpg,0.9906862727955383
bkl,ISIC_0027811.jpg,nv,ISIC_0030874.jpg,0.9906866313007991
bkl,ISIC_0026444.jpg,nv,ISIC_0029203.jpg,0.9906889745345534
bkl,ISIC_0033750.jpg,akiec,ISIC_0026765.jpg,0.9907098892054689
bkl,ISIC_0024371.jpg,mel,ISIC_0027436.jpg,0.9907120294675
bkl,ISIC_0030677.jpg,mel,ISIC_0030759.jpg,0.990715659713669
bkl,ISIC_0029251.jpg,nv,ISIC_0025232.jpg,0.9907201619965313
bkl,ISIC_0030007.jpg,nv,ISIC_0033332.jpg,0.9907224332601555
bkl,ISIC_0024696.jpg,nv,ISIC_0033396.jpg,0.9907329812298371
bkl,ISIC_0029676.jpg,nv,ISIC_0026201.jpg,0.9907433203763703
bkl,ISIC_0033246.jpg,nv,ISIC_0034184.jpg,0.990745069547718
bkl,ISIC_0025103.jpg,nv,ISIC_0030786.jpg,0.9907518520178411
bkl,ISIC_0032513.jpg,nv,ISIC_0030473.jpg,0.9907733462241505
bkl,ISIC_0033307.jpg,nv,ISIC_0031030.jpg,0.990787584149237
bkl,ISIC_0032929.jpg,bcc,ISIC_0030249.jpg,0.9907881536345614
bkl,ISIC_0032835.jpg,nv,ISIC_0033367.jpg,0.9907991646239106
bkl,ISIC_0026301.jpg,mel,ISIC_0026258.jpg,0.9908241872638301
bkl,ISIC_0028555.jpg,nv,ISIC_0032677.jpg,0.9908512084560824
bkl,ISIC_0030365.jpg,nv,ISIC_0026550.jpg,0.9908625094502528
bkl,ISIC_0026556.jpg,nv,ISIC_0026198.jpg,0.9908649026431934
bkl,ISIC_0034291.jpg,nv,ISIC_0032322.jpg,0.9908735747574073
bkl,ISIC_0029394.jpg,nv,ISIC_0026133.jpg,0.9908744930236114
bkl,ISIC_0033592.jpg,nv,ISIC_0031127.jpg,0.9908899438407186
bkl,ISIC_0029012.jpg,akiec,ISIC_0024654.jpg,0.9909200305779642
bkl,ISIC_0025781.jpg,akiec,ISIC_0025319.jpg,0.990938692061015
bkl,ISIC_0024494.jpg,nv,ISIC_0028957.jpg,0.9909389253639194
bkl,ISIC_0025140.jpg,nv,ISIC_0027403.jpg,0.9909398619603018
bkl,ISIC_0033913.jpg,nv,ISIC_0033224.jpg,0.9909524401844261
bkl,ISIC_0033732.jpg,mel,ISIC_0033004.jpg,0.9909526809953456
bkl,ISIC_0033642.jpg,nv,ISIC_0033650.jpg,0.990982031395274
bkl,ISIC_0033022.jpg,nv,ISIC_0030786.jpg,0.9910099239806371
bkl,ISIC_0028200.jpg,mel,ISIC_0033962.jpg,0.9910933429728661
bkl,ISIC_0027326.jpg,nv,ISIC_0030174.jpg,0.9911124831726157
bkl,ISIC_0032283.jpg,nv,ISIC_0026346.jpg,0.9911175236233605
bkl,ISIC_0025374.jpg,mel,ISIC_0032433.jpg,0.991123360549492
bkl,ISIC_0030310.jpg,nv,ISIC_0030422.jpg,0.9911519351891285
bkl,ISIC_0029420.jpg,nv,ISIC_0033671.jpg,0.9911609045813876
bkl,ISIC_0025804.jpg,nv,ISIC_0028775.jpg,0.991167766700135
bkl,ISIC_0034057.jpg,nv,ISIC_0030786.jpg,0.9911948724217892
bkl,ISIC_0025454.jpg,nv,ISIC_0029663.jpg,0.9912066836127995
bkl,ISIC_0024635.jpg,nv,ISIC_0031412.jpg,0.9912141624318334
bkl,ISIC_0033783.jpg,nv,ISIC_0029790.jpg,0.9912180856321114
bkl,ISIC_0030436.jpg,nv,ISIC_0028779.jpg,0.9912483449671606
bkl,ISIC_0033676.jpg,nv,ISIC_0033673.jpg,0.9912612018473027
bkl,ISIC_0026514.jpg,df,ISIC_0029052.jpg,0.9912653727978715
bkl,ISIC_0024825.jpg,akiec,ISIC_0033869.jpg,0.991266783827496
bkl,ISIC_0028490.jpg,bcc,ISIC_0031824.jpg,0.9912964097117406
bkl,ISIC_0028952.jpg,bcc,ISIC_0031526.jpg,0.991315467283537
bkl,ISIC_0032395.jpg,nv,ISIC_0024784.jpg,0.9913187153720976
bkl,ISIC_0025928.jpg,bcc,ISIC_0024448.jpg,0.991339704658222
bkl,ISIC_0026790.jpg,nv,ISIC_0025944.jpg,0.991345303936915
bkl,ISIC_0028414.jpg,nv,ISIC_0026864.jpg,0.9913456792774022
bkl,ISIC_0025180.jpg,nv,ISIC_0032909.jpg,0.9913852198643307
bkl,ISIC_0027973.jpg,nv,ISIC_0030639.jpg,0.9913882732116799
bkl,ISIC_0032348.jpg,nv,ISIC_0028698.jpg,0.9913924810593767
bkl,ISIC_0027875.jpg,nv,ISIC_0031551.jpg,0.9914128627872144
bkl,ISIC_0024498.jpg,nv,ISIC_0030786.jpg,0.9914180944995054
bkl,ISIC_0028043.jpg,mel,ISIC_0026314.jpg,0.9914334484016649
bkl,ISIC_0032883.jpg,nv,ISIC_0032952.jpg,0.9914644535681961
bkl,ISIC_0033449.jpg,nv,ISIC_0032579.jpg,0.9914710564048609
bkl,ISIC_0034186.jpg,bcc,ISIC_0024448.jpg,0.9914852446817605
bkl,ISIC_0032040.jpg,nv,ISIC_0025271.jpg,0.9914969846363204
bkl,ISIC_0027006.jpg,nv,ISIC_0025527.jpg,0.991508905269011
bkl,ISIC_0033635.jpg,nv,ISIC_0034122.jpg,0.9915099356518059
bkl,ISIC_0033438.jpg,nv,ISIC_0027091.jpg,0.99151187305788
bkl,ISIC_0033613.jpg,nv,ISIC_0030710.jpg,0.9915329978417131
bkl,ISIC_0031449.jpg,bcc,ISIC_0028350.jpg,0.9915458669717905
bkl,ISIC_0029139.jpg,bcc,ISIC_0028556.jpg,0.9915908430225284
bkl,ISIC_0033446.jpg,vasc,ISIC_0033844.jpg,0.9916158716885216
bkl,ISIC_0034040.jpg,df,ISIC_0033780.jpg,0.9916665109366964
bkl,ISIC_0027139.jpg,nv,ISIC_0031935.jpg,0.9916745814540011
bkl,ISIC_0029249.jpg,nv,ISIC_0032274.jpg,0.9916846513061008
bkl,ISIC_0026493.jpg,mel,ISIC_0033180.jpg,0.9916851361339071
bkl,ISIC_0032776.jpg,nv,ISIC_0028488.jpg,0.9916960137125387
bkl,ISIC_0032330.jpg,nv,ISIC_0025535.jpg,0.9916973544392972
bkl,ISIC_0027392.jpg,vasc,ISIC_0027983.jpg,0.9917000475675343
bkl,ISIC_0034197.jpg,nv,ISIC_0033096.jpg,0.9917286394136151
bkl,ISIC_0033437.jpg,nv,ISIC_0033600.jpg,0.9917584001578441
bkl,ISIC_0031980.jpg,bcc,ISIC_0029644.jpg,0.9917618182791182
bkl,ISIC_0033270.jpg,nv,ISIC_0024497.jpg,0.9917789084031
bkl,ISIC_0026378.jpg,bcc,ISIC_0024454.jpg,0.9918072725738407
bkl,ISIC_0028876.jpg,df,ISIC_0027118.jpg,0.9918109395942313
bkl,ISIC_0034252.jpg,mel,ISIC_0032723.jpg,0.9918391843240956
bkl,ISIC_0025659.jpg,df,ISIC_0029052.jpg,0.9918514048680008
bkl,ISIC_0025276.jpg,bcc,ISIC_0032660.jpg,0.9918620068619234
bkl,ISIC_0031812.jpg,bcc,ISIC_0026213.jpg,0.9918705655086271
bkl,ISIC_0027367.jpg,nv,ISIC_0033384.jpg,0.9918717850870595
bkl,ISIC_0031200.jpg,nv,ISIC_0034304.jpg,0.9918775816678082
bkl,ISIC_0033529.jpg,nv,ISIC_0034300.jpg,0.9918942263717603
bkl,ISIC_0033776.jpg,nv,ISIC_0025555.jpg,0.9919190893707687
bkl,ISIC_0025753.jpg,nv,ISIC_0026012.jpg,0.9919287601415416
bkl,ISIC_0030758.jpg,nv,ISIC_0029203.jpg,0.9919585997752339
bkl,ISIC_0031967.jpg,nv,ISIC_0030786.jpg,0.991968294488896
bkl,ISIC_0025842.jpg,bcc,ISIC_0034161.jpg,0.9919725976128376
bkl,ISIC_0025719.jpg,df,ISIC_0031344.jpg,0.991991416695797
bkl,ISIC_0024877.jpg,nv,ISIC_0027714.jpg,0.9920362389804496
bkl,ISIC_0027652.jpg,nv,ISIC_0032274.jpg,0.9920498055719864
bkl,ISIC_0029260.jpg,akiec,ISIC_0030986.jpg,0.9920537967494486
bkl,ISIC_0025986.jpg,nv,ISIC_0032904.jpg,0.99207633532808
bkl,ISIC_0033322.jpg,nv,ISIC_0034207.jpg,0.9920894519767165
bkl,ISIC_0031888.jpg,akiec,ISIC_0026388.jpg,0.9921315593625453
bkl,ISIC_0025222.jpg,nv,ISIC_0033671.jpg,0.9921320596091379
bkl,ISIC_0031495.jpg,df,ISIC_0029052.jpg,0.9921350889463503
bkl,ISIC_0029070.jpg,nv,ISIC_0029150.jpg,0.9921775218490836
bkl,ISIC_0034024.jpg,nv,ISIC_0032882.jpg,0.9921849565147456
bkl,ISIC_0029600.jpg,nv,ISIC_0032864.jpg,0.9921905849017798
bkl,ISIC_0024471.jpg,akiec,ISIC_0027334.jpg,0.9922110021180981
bkl,ISIC_0028943.jpg,nv,ISIC_0033332.jpg,0.9922117906665793
bkl,ISIC_0025083.jpg,nv,ISIC_0026753.jpg,0.9922176779357308
bkl,ISIC_0028376.jpg,bcc,ISIC_0028928.jpg,0.9922230833701107
bkl,ISIC_0029425.jpg,nv,ISIC_0033671.jpg,0.9922305332992789
bkl,ISIC_0033184.jpg,nv,ISIC_0025123.jpg,0.9922358582838783
bkl,ISIC_0031150.jpg,bcc,ISIC_0029539.jpg,0.992250078856559
bkl,ISIC_0029010.jpg,nv,ISIC_0030410.jpg,0.9922772518125891
bkl,ISIC_0031078.jpg,nv,ISIC_0032274.jpg,0.9922932054478826
bkl,ISIC_0032335.jpg,nv,ISIC_0028276.jpg,0.992317328843134
bkl,ISIC_0033252.jpg,nv,ISIC_0033711.jpg,0.9923194071849722
bkl,ISIC_0027831.jpg,mel,ISIC_0029512.jpg,0.9923629643143029
bkl,ISIC_0027781.jpg,nv,ISIC_0028761.jpg,0.9923648491213908
bkl,ISIC_0026351.jpg,nv,ISIC_0026371.jpg,0.9923824670455498
bkl,ISIC_0029302.jpg,akiec,ISIC_0026040.jpg,0.9923895549063647
bkl,ISIC_0033709.jpg,nv,ISIC_0032961.jpg,0.9923982678495823
bkl,ISIC_0031753.jpg,mel,ISIC_0031295.jpg,0.992420396519506
bkl,ISIC_0029418.jpg,nv,ISIC_0033202.jpg,0.9924386652648429
bkl,ISIC_0024997.jpg,df,ISIC_0033005.jpg,0.9924444821055806
bkl,ISIC_0024711.jpg,nv,ISIC_0027689.jpg,0.9924453854132032
bkl,ISIC_0033486.jpg,nv,ISIC_0033259.jpg,0.9924496216726794
bkl,ISIC_0028254.jpg,df,ISIC_0033847.jpg,0.9924543821815262
bkl,ISIC_0024446.jpg,bcc,ISIC_0032850.jpg,0.9924584453253875
bkl,ISIC_0028840.jpg,nv,ISIC_0025283.jpg,0.9924722474280346
bkl,ISIC_0029837.jpg,nv,ISIC_0027718.jpg,0.9924783129801263
bkl,ISIC_0031125.jpg,nv,ISIC_0024699.jpg,0.9925026608926052
bkl,ISIC_0034003.jpg,nv,ISIC_0028488.jpg,0.992511164420429
bkl,ISIC_0031465.jpg,df,ISIC_0027727.jpg,0.9925135706598023
bkl,ISIC_0027310.jpg,nv,ISIC_0033291.jpg,0.9925284214374851
bkl,ISIC_0025623.jpg,mel,ISIC_0028493.jpg,0.9925320936454215
bkl,ISIC_0024890.jpg,nv,ISIC_0028787.jpg,0.9925705396291712
bkl,ISIC_0025033.jpg,nv,ISIC_0031649.jpg,0.9925748951699984
bkl,ISIC_0031223.jpg,nv,ISIC_0030041.jpg,0.9925755279783843
bkl,ISIC_0028822.jpg,akiec,ISIC_0029460.jpg,0.9925850113997149
bkl,ISIC_0025113.jpg,df,ISIC_0033554.jpg,0.9926009223935036
bkl,ISIC_0031352.jpg,nv,ISIC_0027639.jpg,0.9926233510952699
bkl,ISIC_0024382.jpg,nv,ISIC_0025688.jpg,0.9926323077530614
bkl,ISIC_0033379.jpg,akiec,ISIC_0027334.jpg,0.9926361574593306
bkl,ISIC_0024709.jpg,bcc,ISIC_0029391.jpg,0.9926407597474243
bkl,ISIC_0026614.jpg,nv,ISIC_0026577.jpg,0.9926618936309949
bkl,ISIC_0031639.jpg,nv,ISIC_0031071.jpg,0.9926679346568691
bkl,ISIC_0025526.jpg,mel,ISIC_0030759.jpg,0.9926741522420752
bkl,ISIC_0031825.jpg,nv,ISIC_0031724.jpg,0.9926900778075921
bkl,ISIC_0033041.jpg,nv,ISIC_0027112.jpg,0.9927095684733376
bkl,ISIC_0033480.jpg,nv,ISIC_0034163.jpg,0.9927752996603451
bkl,ISIC_0033583.jpg,nv,ISIC_0034020.jpg,0.9927883385148885
bkl,ISIC_0033305.jpg,nv,ISIC_0034156.jpg,0.9927912830085726
bkl,ISIC_0028201.jpg,bcc,ISIC_0028556.jpg,0.9927920788212696
bkl,ISIC_0033785.jpg,bcc,ISIC_0032799.jpg,0.9927939045074494
bkl,ISIC_0033195.jpg,nv,ISIC_0032939.jpg,0.9928116883962617
bkl,ISIC_0025339.jpg,mel,ISIC_0030759.jpg,0.9928126888651425
bkl,ISIC_0031691.jpg,nv,ISIC_0025682.jpg,0.9928262009221587
bkl,ISIC_0029080.jpg,vasc,ISIC_0031217.jpg,0.9928281709982986
bkl,ISIC_0029329.jpg,nv,ISIC_0033126.jpg,0.9928522096536512
bkl,ISIC_0031542.jpg,nv,ISIC_0030285.jpg,0.9928543412710791
bkl,ISIC_0033212.jpg,mel,ISIC_0033986.jpg,0.9928596171174199
bkl,ISIC_0027608.jpg,df,ISIC_0033891.jpg,0.9928701988486418
bkl,ISIC_0034115.jpg,nv,ISIC_0027209.jpg,0.992897522618522
bkl,ISIC_0032643.jpg,nv,ISIC_0024344.jpg,0.9929025653114045
bkl,ISIC_0034011.jpg,nv,ISIC_0028403.jpg,0.9929099461398612
bkl,ISIC_0033490.jpg,nv,ISIC_0030410.jpg,0.9929393531407985
bkl,ISIC_0026912.jpg,akiec,ISIC_0032897.jpg,0.9929498634003796
bkl,ISIC_0031945.jpg,bcc,ISIC_0031442.jpg,0.9929531450949118
bkl,ISIC_0033853.jpg,nv,ISIC_0033673.jpg,0.9929538866158265
bkl,ISIC_0028681.jpg,df,ISIC_0027216.jpg,0.9929911156402652
bkl,ISIC_0033744.jpg,nv,ISIC_0033076.jpg,0.992999507654458
bkl,ISIC_0028479.jpg,df,ISIC_0027118.jpg,0.9930131812687003
bkl,ISIC_0025883.jpg,mel,ISIC_0033962.jpg,0.9930292552131484
bkl,ISIC_0028223.jpg,bcc,ISIC_0028964.jpg,0.9930664904963179
bkl,ISIC_0027025.jpg,nv,ISIC_0028955.jpg,0.9930693221169599
bkl,ISIC_0030801.jpg,bcc,ISIC_0026213.jpg,0.9931025649678602
bkl,ISIC_0033865.jpg,nv,ISIC_0028166.jpg,0.9931253997251752
bkl,ISIC_0032373.jpg,nv,ISIC_0024916.jpg,0.9931312169683899
bkl,ISIC_0027094.jpg,nv,ISIC_0028849.jpg,0.9931571397872824
bkl,ISIC_0033736.jpg,nv,ISIC_0033882.jpg,0.9931718586130674
bkl,ISIC_0034113.jpg,nv,ISIC_0034099.jpg,0.9931781707276822
bkl,ISIC_0029235.jpg,nv,ISIC_0029150.jpg,0.9931786949313665
bkl,ISIC_0029791.jpg,df,ISIC_0029039.jpg,0.9931890737888234
bkl,ISIC_0029878.jpg,mel,ISIC_0032425.jpg,0.9932045698832943
bkl,ISIC_0029872.jpg,nv,ISIC_0028834.jpg,0.9932156085544808
bkl,ISIC_0033528.jpg,df,ISIC_0033891.jpg,0.9932205079083222
bkl,ISIC_0024814.jpg,nv,ISIC_0030541.jpg,0.993221928887188
bkl,ISIC_0034296.jpg,nv,ISIC_0034178.jpg,0.9932270656958513
bkl,ISIC_0029947.jpg,df,ISIC_0031123.jpg,0.9932433396051178
bkl,ISIC_0025337.jpg,nv,ISIC_0033597.jpg,0.9932467453420379
bkl,ISIC_0031851.jpg,mel,ISIC_0027043.jpg,0.9932507516514353
bkl,ISIC_0030056.jpg,nv,ISIC_0027289.jpg,0.9932637626959259
bkl,ISIC_0031624.jpg,nv,ISIC_0025588.jpg,0.9932792993354713
bkl,ISIC_0027083.jpg,bcc,ISIC_0029755.jpg,0.993295919463624
bkl,ISIC_0024708.jpg,akiec,ISIC_0031431.jpg,0.9933013334250711
bkl,ISIC_0032740.jpg,nv,ISIC_0033684.jpg,0.9933120950794002
bkl,ISIC_0028237.jpg,nv,ISIC_0030923.jpg,0.9933217299855754
bkl,ISIC_0034126.jpg,nv,ISIC_0027789.jpg,0.9933394771546817
bkl,ISIC_0033828.jpg,nv,ISIC_0027689.jpg,0.9933396530290777
bkl,ISIC_0025656.jpg,nv,ISIC_0030410.jpg,0.9933525490324543
bkl,ISIC_0031761.jpg,nv,ISIC_0027168.jpg,0.9934086335751727
bkl,ISIC_0028331.jpg,nv,ISIC_0030502.jpg,0.9934093678283322
bkl,ISIC_0031872.jpg,nv,ISIC_0028008.jpg,0.9934263504809145
bkl,ISIC_0032949.jpg,nv,ISIC_0033331.jpg,0.9934330253783714
bkl,ISIC_0025876.jpg,nv,ISIC_0030216.jpg,0.9934376941912719
bkl,ISIC_0024412.jpg,bcc,ISIC_0028556.jpg,0.9934401793697406
bkl,ISIC_0026728.jpg,mel,ISIC_0032313.jpg,0.9934458897815508
bkl,ISIC_0033201.jpg,nv,ISIC_0034152.jpg,0.9934503010682277
bkl,ISIC_0030081.jpg,vasc,ISIC_0031217.jpg,0.9934533621242475
bkl,ISIC_0029474.jpg,nv,ISIC_0026406.jpg,0.9934620502056662
bkl,ISIC_0032778.jpg,nv,ISIC_0026449.jpg,0.9934675214447878
bkl,ISIC_0024880.jpg,nv,ISIC_0031960.jpg,0.9934707646736661
bkl,ISIC_0034151.jpg,nv,ISIC_0034176.jpg,0.9934793413314259
bkl,ISIC_0028611.jpg,nv,ISIC_0026691.jpg,0.993499053840938
bkl,ISIC_0028913.jpg,bcc,ISIC_0028556.jpg,0.993508319257423
bkl,ISIC_0027990.jpg,bcc,ISIC_0033747.jpg,0.9935153188579535
bkl,ISIC_0031600.jpg,nv,ISIC_0027519.jpg,0.9935385164580681
bkl,ISIC_0033482.jpg,df,ISIC_0033810.jpg,0.9935456972545288
bkl,ISIC_0030976.jpg,df,ISIC_0031344.jpg,0.9935504380904727
bkl,ISIC_0032128.jpg,nv,ISIC_0034281.jpg,0.9935529916778234
bkl,ISIC_0032235.jpg,nv,ISIC_0028761.jpg,0.993607859457757
bkl,ISIC_0032843.jpg,nv,ISIC_0034184.jpg,0.9936330438969121
bkl,ISIC_0029596.jpg,nv,ISIC_0031935.jpg,0.9936363264383106
bkl,ISIC_0027828.jpg,nv,ISIC_0031127.jpg,0.9936547051942939
bkl,ISIC_0026576.jpg,nv,ISIC_0027460.jpg,0.9936662677661424
bkl,ISIC_0032688.jpg,df,ISIC_0025668.jpg,0.9936755479365204
bkl,ISIC_0031138.jpg,bcc,ISIC_0032174.jpg,0.9936761614534094
bkl,ISIC_0025030.jpg,nv,ISIC_0026657.jpg,0.9937096890640229
bkl,ISIC_0029849.jpg,nv,ISIC_0033126.jpg,0.9937369401138495
bkl,ISIC_0034103.jpg,nv,ISIC_0030144.jpg,0.9937660207145582
bkl,ISIC_0028977.jpg,nv,ISIC_0025938.jpg,0.9938326040675534
bkl,ISIC_0025297.jpg,akiec,ISIC_0026729.jpg,0.9938444744802007
bkl,ISIC_0026441.jpg,nv,ISIC_0028192.jpg,0.9938566377317213
bkl,ISIC_0027374.jpg,nv,ISIC_0033255.jpg,0.9938573427203012
bkl,ISIC_0033466.jpg,mel,ISIC_0033717.jpg,0.9938620502875537
bkl,ISIC_0031016.jpg,bcc,ISIC_0031258.jpg,0.9938833132535702
bkl,ISIC_0026139.jpg,bcc,ISIC_0024787.jpg,0.9938840500510395
bkl,ISIC_0029522.jpg,nv,ISIC_0027873.jpg,0.9938998845370585
bkl,ISIC_0026538.jpg,nv,ISIC_0024784.jpg,0.9939008696516798
bkl,ISIC_0031702.jpg,nv,ISIC_0026751.jpg,0.9939050803395985
bkl,ISIC_0026631.jpg,nv,ISIC_0026023.jpg,0.9939051395030795
bkl,ISIC_0034037.jpg,nv,ISIC_0029773.jpg,0.9939073833257133
bkl,ISIC_0033900.jpg,nv,ISIC_0028367.jpg,0.9939261709145749
bkl,ISIC_0033855.jpg,df,ISIC_0033847.jpg,0.9939370384097529
bkl,ISIC_0032156.jpg,nv,ISIC_0028131.jpg,0.9939442792687365
bkl,ISIC_0030721.jpg,nv,ISIC_0024916.jpg,0.9939741325713474
bkl,ISIC_0032757.jpg,nv,ISIC_0032648.jpg,0.9939911132446922
bkl,ISIC_0032456.jpg,nv,ISIC_0029286.jpg,0.994000603810794
bkl,ISIC_0025710.jpg,nv,ISIC_0027492.jpg,0.9940105394796063
bkl,ISIC_0029810.jpg,bcc,ISIC_0028556.jpg,0.9940223440992648
bkl,ISIC_0026205.jpg,nv,ISIC_0024811.jpg,0.9940280971606621
bkl,ISIC_0032570.jpg,nv,ISIC_0034055.jpg,0.9940391300283683
bkl,ISIC_0024971.jpg,nv,ISIC_0027734.jpg,0.9940392255731619
bkl,ISIC_0032111.jpg,nv,ISIC_0024355.jpg,0.9940474200971848
bkl,ISIC_0026153.jpg,nv,ISIC_0031750.jpg,0.9940513348926514
bkl,ISIC_0032876.jpg,nv,ISIC_0032668.jpg,0.9940792962063931
bkl,ISIC_0026644.jpg,nv,ISIC_0032729.jpg,0.9940802980323884
bkl,ISIC_0030026.jpg,nv,ISIC_0024380.jpg,0.9940868373119688
bkl,ISIC_0028992.jpg,akiec,ISIC_0024646.jpg,0.9940896808233839
bkl,ISIC_0028628.jpg,nv,ISIC_0028166.jpg,0.9940988018871946
bkl,ISIC_0029003.jpg,df,ISIC_0025668.jpg,0.9941069812731329
bkl,ISIC_0026867.jpg,nv,ISIC_0025591.jpg,0.9941146096234582
bkl,ISIC_0028650.jpg,nv,ISIC_0028791.jpg,0.9941505528169442
bkl,ISIC_0027419.jpg,akiec,ISIC_0029371.jpg,0.9941525161886896
bkl,ISIC_0030488.jpg,nv,ISIC_0027845.jpg,0.994156598459666
bkl,ISIC_0031464.jpg,nv,ISIC_0024620.jpg,0.9941691641587395
bkl,ISIC_0032804.jpg,nv,ISIC_0033777.jpg,0.9941696858793997
bkl,ISIC_0032200.jpg,df,ISIC_0024396.jpg,0.9941871624510504
bkl,ISIC_0025661.jpg,nv,ISIC_0028884.jpg,0.9941948187581783
bkl,ISIC_0028336.jpg,df,ISIC_0029039.jpg,0.994208816802662
bkl,ISIC_0025066.jpg,bcc,ISIC_0028577.jpg,0.9942115736951526
bkl,ISIC_0032534.jpg,bcc,ISIC_0024436.jpg,0.9942182270409032
bkl,ISIC_0033987.jpg,df,ISIC_0025771.jpg,0.9942268772831038
bkl,ISIC_0033606.jpg,nv,ISIC_0033160.jpg,0.9942275445988241
bkl,ISIC_0028258.jpg,mel,ISIC_0029885.jpg,0.9942352370920337
bkl,ISIC_0026511.jpg,nv,ISIC_0031752.jpg,0.9942453884811837
bkl,ISIC_0032675.jpg,nv,ISIC_0033375.jpg,0.9942598210100764
bkl,ISIC_0030377.jpg,nv,ISIC_0026815.jpg,0.9942645918193839
bkl,ISIC_0026663.jpg,nv,ISIC_0030410.jpg,0.9942654854348477
bkl,ISIC_0032325.jpg,nv,ISIC_0029550.jpg,0.9942724069246501
bkl,ISIC_0029527.jpg,akiec,ISIC_0024646.jpg,0.9942724663344424
bkl,ISIC_0025937.jpg,mel,ISIC_0031745.jpg,0.9943000253072368
bkl,ISIC_0033924.jpg,nv,ISIC_0033777.jpg,0.9943015807001685
bkl,ISIC_0025777.jpg,mel,ISIC_0026258.jpg,0.9943136600351196
bkl,ISIC_0027344.jpg,akiec,ISIC_0030730.jpg,0.9943155769701864
bkl,ISIC_0031132.jpg,df,ISIC_0027118.jpg,0.9943369611974994
bkl,ISIC_0025068.jpg,nv,ISIC_0029911.jpg,0.9943453084529377
bkl,ISIC_0034201.jpg,nv,ISIC_0034292.jpg,0.9943682747891787
bkl,ISIC_0027027.jpg,nv,ISIC_0026550.jpg,0.9943710760084976
bkl,ISIC_0030318.jpg,bcc,ISIC_0034160.jpg,0.994378174276089
bkl,ISIC_0024909.jpg,nv,ISIC_0028500.jpg,0.9943787161743044
bkl,ISIC_0029227.jpg,nv,ISIC_0031800.jpg,0.9943881044389905
bkl,ISIC_0026827.jpg,nv,ISIC_0029079.jpg,0.9943984445192126
bkl,ISIC_0028710.jpg,bcc,ISIC_0032174.jpg,0.9943994118903363
bkl,ISIC_0033397.jpg,nv,ISIC_0034099.jpg,0.9944045626672388
bkl,ISIC_0034280.jpg,df,ISIC_0033810.jpg,0.9944123030641839
bkl,ISIC_0024336.jpg,bcc,ISIC_0030746.jpg,0.9944757720530241
bkl,ISIC_0031619.jpg,nv,ISIC_0031328.jpg,0.9944893555382409
bkl,ISIC_0029518.jpg,df,ISIC_0031344.jpg,0.9944935539452726
bkl,ISIC_0026835.jpg,bcc,ISIC_0032415.jpg,0.9945025109116697
bkl,ISIC_0028662.jpg,nv,ISIC_0029150.jpg,0.9945025272940348
bkl,ISIC_0028389.jpg,bcc,ISIC_0031513.jpg,0.9945109902239478
bkl,ISIC_0027023.jpg,nv,ISIC_0030856.jpg,0.9945192899093751
bkl,ISIC_0026276.jpg,nv,ISIC_0034020.jpg,0.9945305403478265
bkl,ISIC_0025515.jpg,df,ISIC_0033891.jpg,0.9945427675105741
bkl,ISIC_0028411.jpg,nv,ISIC_0028430.jpg,0.9945537249849293
bkl,ISIC_0028623.jpg,bcc,ISIC_0027788.jpg,0.9945543937705984
bkl,ISIC_0032636.jpg,nv,ISIC_0031302.jpg,0.9945847005950054
bkl,ISIC_0034142.jpg,nv,ISIC_0032065.jpg,0.9945872636970973
bkl,ISIC_0029061.jpg,bcc,ISIC_0030349.jpg,0.9945965633839419
bkl,ISIC_0024970.jpg,nv,ISIC_0031668.jpg,0.9946129811422144
bkl,ISIC_0031496.jpg,nv,ISIC_0026864.jpg,0.9946157443157536
bkl,ISIC_0028995.jpg,nv,ISIC_0033236.jpg,0.9946225538391659
bkl,ISIC_0031961.jpg,nv,ISIC_0025688.jpg,0.9946292238208666
bkl,ISIC_0033716.jpg,nv,ISIC_0033070.jpg,0.9946322526401439
bkl,ISIC_0031394.jpg,df,ISIC_0032468.jpg,0.9946361017017961
bkl,ISIC_0028120.jpg,nv,ISIC_0024380.jpg,0.99463955626337
bkl,ISIC_0032358.jpg,nv,ISIC_0030553.jpg,0.9946416651416954
bkl,ISIC_0024672.jpg,nv,ISIC_0025123.jpg,0.994643369287949
bkl,ISIC_0031060.jpg,nv,ISIC_0027028.jpg,0.9946444778369627
bkl,ISIC_0026060.jpg,df,ISIC_0025668.jpg,0.994647755030892
bkl,ISIC_0025209.jpg,nv,ISIC_0031072.jpg,0.9946511712252737
bkl,ISIC_0026861.jpg,bcc,ISIC_0025826.jpg,0.9946541355668438
bkl,ISIC_0025326.jpg,nv,ISIC_0032436.jpg,0.9946712478541349
bkl,ISIC_0030207.jpg,nv,ISIC_0031319.jpg,0.994679466721762
bkl,ISIC_0034070.jpg,vasc,ISIC_0031719.jpg,0.994691437633837
bkl,ISIC_0033758.jpg,nv,ISIC_0032691.jpg,0.9947074749485372
bkl,ISIC_0031008.jpg,mel,ISIC_0031746.jpg,0.9947129137820031
bkl,ISIC_0024489.jpg,df,ISIC_0033891.jpg,0.9947129175784539
bkl,ISIC_0029991.jpg,nv,ISIC_0030479.jpg,0.9947311048402607
bkl,ISIC_0031362.jpg,nv,ISIC_0029635.jpg,0.9947349084522776
bkl,ISIC_0024741.jpg,nv,ISIC_0033187.jpg,0.994739274630518
bkl,ISIC_0030226.jpg,nv,ISIC_0031685.jpg,0.9947680395535827
bkl,ISIC_0026277.jpg,akiec,ISIC_0025831.jpg,0.9947793748081402
bkl,ISIC_0032051.jpg,nv,ISIC_0033673.jpg,0.9947807602410934
bkl,ISIC_0026961.jpg,nv,ISIC_0032109.jpg,0.9947882036518793
bkl,ISIC_0026446.jpg,nv,ISIC_0031777.jpg,0.9947922823195361
bkl,ISIC_0025567.jpg,nv,ISIC_0028332.jpg,0.9948031365985377
bkl,ISIC_0029270.jpg,nv,ISIC_0031412.jpg,0.9948118816749391
bkl,ISIC_0029048.jpg,nv,ISIC_0026953.jpg,0.9948127681758125
bkl,ISIC_0032306.jpg,akiec,ISIC_0025831.jpg,0.9948599948626204
bkl,ISIC_0031987.jpg,bcc,ISIC_0026213.jpg,0.9948653609948919
bkl,ISIC_0033453.jpg,nv,ISIC_0033093.jpg,0.9948670910598779
bkl,ISIC_0026286.jpg,bcc,ISIC_0027819.jpg,0.9948710314065301
bkl,ISIC_0031620.jpg,nv,ISIC_0026391.jpg,0.9948729501863925
bkl,ISIC_0026298.jpg,nv,ISIC_0026022.jpg,0.9948757256619652
bkl,ISIC_0031000.jpg,bcc,ISIC_0026865.jpg,0.9948767398764886
bkl,ISIC_0030630.jpg,nv,ISIC_0033837.jpg,0.9948848464581878
bkl,ISIC_0026769.jpg,nv,ISIC_0026815.jpg,0.9948849666483337
bkl,ISIC_0033531.jpg,nv,ISIC_0033078.jpg,0.9948897619025909
bkl,ISIC_0028920.jpg,bcc,ISIC_0033747.jpg,0.9948912738547034
bkl,ISIC_0028846.jpg,nv,ISIC_0031924.jpg,0.9948946853224321
bkl,ISIC_0031424.jpg,nv,ISIC_0033889.jpg,0.9949119362867237
bkl,ISIC_0028052.jpg,nv,ISIC_0028791.jpg,0.9949299422798116
bkl,ISIC_0032508.jpg,nv,ISIC_0034207.jpg,0.9949322512271833
bkl,ISIC_0028236.jpg,nv,ISIC_0030584.jpg,0.994940253400141
bkl,ISIC_0024547.jpg,nv,ISIC_0030176.jpg,0.9949403789337368
bkl,ISIC_0033260.jpg,nv,ISIC_0033800.jpg,0.9949405134812171
bkl,ISIC_0029568.jpg,df,ISIC_0031344.jpg,0.9949498738565323
bkl,ISIC_0032179.jpg,nv,ISIC_0030311.jpg,0.9949508654439587
bkl,ISIC_0034318.jpg,nv,ISIC_0031281.jpg,0.9949817462720053
bkl,ISIC_0029555.jpg,mel,ISIC_0030089.jpg,0.994988261667844
bkl,ISIC_0032486.jpg,nv,ISIC_0031924.jpg,0.994993667447867
bkl,ISIC_0028881.jpg,nv,ISIC_0025729.jpg,0.9950007485010943
bkl,ISIC_0027513.jpg,nv,ISIC_0032150.jpg,0.9950121945787406
bkl,ISIC_0031584.jpg,nv,ISIC_0025172.jpg,0.9950152168695071
bkl,ISIC_0027454.jpg,nv,ISIC_0025410.jpg,0.9950171744425838
bkl,ISIC_0033199.jpg,df,ISIC_0033891.jpg,0.9950185072743791
bkl,ISIC_0028702.jpg,bcc,ISIC_0024743.jpg,0.9950192673016102
bkl,ISIC_0029406.jpg,df,ISIC_0029973.jpg,0.9950335282347029
bkl,ISIC_0032103.jpg,nv,ISIC_0026561.jpg,0.9950358220949709
bkl,ISIC_0027018.jpg,bcc,ISIC_0029644.jpg,0.9950503966492927
bkl,ISIC_0024312.jpg,akiec,ISIC_0024646.jpg,0.9950518124967288
bkl,ISIC_0026955.jpg,vasc,ISIC_0030770.jpg,0.9950531304258248
bkl,ISIC_0031766.jpg,mel,ISIC_0028493.jpg,0.9950545472940596
bkl,ISIC_0025376.jpg,nv,ISIC_0032755.jpg,0.9950579637450379
bkl,ISIC_0024435.jpg,nv,ISIC_0026012.jpg,0.9950694604823839
bkl,ISIC_0033884.jpg,nv,ISIC_0033751.jpg,0.9950917208287304
bkl,ISIC_0032481.jpg,bcc,ISIC_0028085.jpg,0.9950993680500226
bkl,ISIC_0031037.jpg,bcc,ISIC_0029669.jpg,0.9951063049382911
bkl,ISIC_0025292.jpg,nv,ISIC_0026815.jpg,0.9951085944080967
bkl,ISIC_0026539.jpg,akiec,ISIC_0029059.jpg,0.9951506530689133
bkl,ISIC_0033659.jpg,nv,ISIC_0030856.jpg,0.9951557514440554
bkl,ISIC_0030561.jpg,nv,ISIC_0031668.jpg,0.9951690034635137
bkl,ISIC_0024409.jpg,bcc,ISIC_0025793.jpg,0.9951703038141207
bkl,ISIC_0024786.jpg,df,ISIC_0033810.jpg,0.9951723641171374
bkl,ISIC_0028080.jpg,bcc,ISIC_0025824.jpg,0.995188447010512
bkl,ISIC_0033868.jpg,nv,ISIC_0027503.jpg,0.995188714807149
bkl,ISIC_0024383.jpg,nv,ISIC_0025220.jpg,0.9951900735117196
bkl,ISIC_0024358.jpg,df,ISIC_0024845.jpg,0.9951907059600742
bkl,ISIC_0031459.jpg,df,ISIC_0033626.jpg,0.9951920361916528
bkl,ISIC_0028622.jpg,nv,ISIC_0029150.jpg,0.995208935512425
bkl,ISIC_0028774.jpg,nv,ISIC_0027358.jpg,0.9952097032366161
bkl,ISIC_0031226.jpg,nv,ISIC_0024861.jpg,0.9952116529318679
bkl,ISIC_0032719.jpg,df,ISIC_0033554.jpg,0.9952138154918269
bkl,ISIC_0029776.jpg,akiec,ISIC_0026040.jpg,0.9952361218475038
bkl,ISIC_0027806.jpg,nv,ISIC_0033332.jpg,0.9952384950293593
bkl,ISIC_0027437.jpg,bcc,ISIC_0027093.jpg,0.9952396288896347
bkl,ISIC_0025038.jpg,nv,ISIC_0026023.jpg,0.9952446125194312
bkl,ISIC_0029778.jpg,df,ISIC_0033554.jpg,0.9952622943494914
bkl,ISIC_0033973.jpg,nv,ISIC_0026029.jpg,0.9952623979179216
bkl,ISIC_0032123.jpg,nv,ISIC_0025869.jpg,0.9952659991382177
bkl,ISIC_0026524.jpg,bcc,ISIC_0032415.jpg,0.9952738594235072
bkl,ISIC_0024910.jpg,nv,ISIC_0031662.jpg,0.9952797249874306
bkl,ISIC_0033401.jpg,nv,ISIC_0024830.jpg,0.9952808105113785
bkl,ISIC_0027953.jpg,bcc,ISIC_0025826.jpg,0.995300552985008
bkl,ISIC_0025388.jpg,nv,ISIC_0026883.jpg,0.9953130507540051
bkl,ISIC_0024770.jpg,nv,ISIC_0028791.jpg,0.9953317091027587
bkl,ISIC_0029384.jpg,df,ISIC_0031457.jpg,0.9953330666479343
bkl,ISIC_0029801.jpg,nv,ISIC_0030577.jpg,0.9953424687520861
bkl,ISIC_0033378.jpg,nv,ISIC_0032274.jpg,0.9953590481091185
bkl,ISIC_0031133.jpg,nv,ISIC_0026062.jpg,0.9953621139355836
bkl,ISIC_0031897.jpg,nv,ISIC_0031319.jpg,0.9953738007361723
bkl,ISIC_0029789.jpg,nv,ISIC_0026815.jpg,0.9953932624285405
bkl,ISIC_0032303.jpg,nv,ISIC_0031662.jpg,0.9954020460631036
bkl,ISIC_0027053.jpg,nv,ISIC_0030553.jpg,0.9954152069837039
bkl,ISIC_0029291.jpg,nv,ISIC_0024818.jpg,0.9954169068623628
bkl,ISIC_0025345.jpg,nv,ISIC_0031662.jpg,0.9954184982651589
bkl,ISIC_0027194.jpg,nv,ISIC_0025342.jpg,0.9954266975951112
bkl,ISIC_0033414.jpg,nv,ISIC_0034045.jpg,0.9954348533964218
bkl,ISIC_0026607.jpg,nv,ISIC_0027554.jpg,0.9954353291931382
bkl,ISIC_0027905.jpg,bcc,ISIC_0025793.jpg,0.9954425089178683
bkl,ISIC_0027455.jpg,nv,ISIC_0028831.jpg,0.9954428229017531
bkl,ISIC_0025005.jpg,nv,ISIC_0026071.jpg,0.9954433325796099
bkl,ISIC_0032498.jpg,nv,ISIC_0025672.jpg,0.9954496075982244
bkl,ISIC_0027068.jpg,nv,ISIC_0032279.jpg,0.995456827090841
bkl,ISIC_0027428.jpg,nv,ISIC_0028143.jpg,0.9954690449446931
bkl,ISIC_0025548.jpg,nv,ISIC_0030672.jpg,0.995482642907779
bkl,ISIC_0027996.jpg,nv,ISIC_0031732.jpg,0.9954863758588517
bkl,ISIC_0031376.jpg,nv,ISIC_0033882.jpg,0.9954953812898015
bkl,ISIC_0027739.jpg,vasc,ISIC_0024402.jpg,0.9955215298690364
bkl,ISIC_0027142.jpg,nv,ISIC_0030309.jpg,0.9955299967576543
bkl,ISIC_0030160.jpg,nv,ISIC_0026900.jpg,0.995537451029803
bkl,ISIC_0029455.jpg,nv,ISIC_0027645.jpg,0.9955374706462448
bkl,ISIC_0025063.jpg,df,ISIC_0024396.jpg,0.9955390102535013
bkl,ISIC_0029107.jpg,nv,ISIC_0030573.jpg,0.9955579213217871
bkl,ISIC_0024871.jpg,bcc,ISIC_0028928.jpg,0.9955588213300587
bkl,ISIC_0028503.jpg,nv,ISIC_0026145.jpg,0.9955840466647158
bkl,ISIC_0026104.jpg,nv,ISIC_0032274.jpg,0.9955856656270167
bkl,ISIC_0027760.jpg,nv,ISIC_0025148.jpg,0.9955903332843565
bkl,ISIC_0026849.jpg,vasc,ISIC_0024375.jpg,0.9955911237937439
bkl,ISIC_0033691.jpg,nv,ISIC_0033641.jpg,0.9956007105465443
bkl,ISIC_0033465.jpg,nv,ISIC_0034184.jpg,0.9956192721553286
bkl,ISIC_0033701.jpg,nv,ISIC_0033880.jpg,0.9956194171158154
bkl,ISIC_0034283.jpg,nv,ISIC_0033827.jpg,0.9956264659077648
bkl,ISIC_0025819.jpg,bcc,ISIC_0025824.jpg,0.9956326341666463
bkl,ISIC_0026046.jpg,nv,ISIC_0030098.jpg,0.995633275419591
bkl,ISIC_0029115.jpg,nv,ISIC_0026382.jpg,0.9956470838817048
bkl,ISIC_0032006.jpg,akiec,ISIC_0024646.jpg,0.9956491054756896
bkl,ISIC_0031989.jpg,nv,ISIC_0025164.jpg,0.9956679932752495
bkl,ISIC_0028264.jpg,nv,ISIC_0025342.jpg,0.9956719504746133
bkl,ISIC_0027435.jpg,bcc,ISIC_0032415.jpg,0.9956844610532974
bkl,ISIC_0025286.jpg,nv,ISIC_0032851.jpg,0.9956862518674642
bkl,ISIC_0030533.jpg,bcc,ISIC_0034161.jpg,0.9956961384575513
bkl,ISIC_0026135.jpg,nv,ISIC_0030669.jpg,0.9957122030368526
bkl,ISIC_0027960.jpg,bcc,ISIC_0026091.jpg,0.995718321206277
bkl,ISIC_0030661.jpg,nv,ISIC_0032279.jpg,0.9957185952528702
bkl,ISIC_0027154.jpg,nv,ISIC_0025278.jpg,0.9957296288650908
bkl,ISIC_0025837.jpg,mel,ISIC_0031369.jpg,0.9957360707999101
bkl,ISIC_0030208.jpg,bcc,ISIC_0031728.jpg,0.9957399900812438
bkl,ISIC_0030067.jpg,nv,ISIC_0031139.jpg,0.9957620831964669
bkl,ISIC_0025973.jpg,bcc,ISIC_0028085.jpg,0.9957673535526499
bkl,ISIC_0028294.jpg,bcc,ISIC_0026831.jpg,0.9957872253771068
bkl,ISIC_0025510.jpg,nv,ISIC_0027113.jpg,0.9958066989702954
bkl,ISIC_0026959.jpg,nv,ISIC_0030836.jpg,0.99580680936302
bkl,ISIC_0033060.jpg,nv,ISIC_0027444.jpg,0.9958147979992013
bkl,ISIC_0030744.jpg,bcc,ISIC_0031169.jpg,0.9958176625325419
bkl,ISIC_0026070.jpg,nv,ISIC_0029654.jpg,0.9958204011158767
bkl,ISIC_0031630.jpg,bcc,ISIC_0024632.jpg,0.9958226831825755
bkl,ISIC_0025466.jpg,nv,ISIC_0026358.jpg,0.9958250571138579
bkl,ISIC_0026280.jpg,nv,ISIC_0030291.jpg,0.9958369885472104
bkl,ISIC_0026967.jpg,nv,ISIC_0026238.jpg,0.9958456552319858
bkl,ISIC_0029443.jpg,nv,ISIC_0033671.jpg,0.9958469857126256
bkl,ISIC_0030088.jpg,nv,ISIC_0026894.jpg,0.9958512251215846
bkl,ISIC_0029166.jpg,mel,ISIC_0028493.jpg,0.9958524965944173
bkl,ISIC_0026744.jpg,df,ISIC_0025668.jpg,0.9958775240339878
bkl,ISIC_0025366.jpg,nv,ISIC_0029325.jpg,0.9958951654754702
bkl,ISIC_0028094.jpg,nv,ISIC_0027528.jpg,0.9959074178241208
bkl,ISIC_0030706.jpg,nv,ISIC_0024765.jpg,0.9959089105856715
bkl,ISIC_0025484.jpg,akiec,ISIC_0027047.jpg,0.9959116919298934
bkl,ISIC_0026553.jpg,nv,ISIC_0033126.jpg,0.9959169221216414
bkl,ISIC_0027706.jpg,bcc,ISIC_0030352.jpg,0.9959227543854916
bkl,ISIC_0029014.jpg,nv,ISIC_0026550.jpg,0.9959238896952228
bkl,ISIC_0027710.jpg,nv,ISIC_0030836.jpg,0.9959246863337944
bkl,ISIC_0024915.jpg,nv,ISIC_0031555.jpg,0.9959377100342186
bkl,ISIC_0033505.jpg,nv,ISIC_0033988.jpg,0.995954680600523
bkl,ISIC_0032013.jpg,akiec,ISIC_0024646.jpg,0.9959638355752416
bkl,ISIC_0026947.jpg,nv,ISIC_0028344.jpg,0.9959740306751206
bkl,ISIC_0028792.jpg,akiec,ISIC_0028558.jpg,0.9959754166099896
bkl,ISIC_0031159.jpg,df,ISIC_0027598.jpg,0.9959934759002985
bkl,ISIC_0028797.jpg,nv,ISIC_0026399.jpg,0.9959954494185992
bkl,ISIC_0026590.jpg,nv,ISIC_0030642.jpg,0.9959958337315076
bkl,ISIC_0031253.jpg,nv,ISIC_0031315.jpg,0.9960005974763526
bkl,ISIC_0033169.jpg,nv,ISIC_0029214.jpg,0.9960113163880169
bkl,ISIC_0028550.jpg,nv,ISIC_0025747.jpg,0.9960227945723356
bkl,ISIC_0031951.jpg,bcc,ISIC_0029669.jpg,0.9960302777578142
bkl,ISIC_0028701.jpg,bcc,ISIC_0025826.jpg,0.9960436169740796
bkl,ISIC_0024445.jpg,nv,ISIC_0029733.jpg,0.9960586307821228
bkl,ISIC_0030700.jpg,nv,ISIC_0025688.jpg,0.9960806131462864
bkl,ISIC_0029627.jpg,nv,ISIC_0033782.jpg,0.9960861411194533
bkl,ISIC_0029032.jpg,mel,ISIC_0024481.jpg,0.9960923103205414
bkl,ISIC_0027737.jpg,akiec,ISIC_0029141.jpg,0.9961101138182574
bkl,ISIC_0026159.jpg,nv,ISIC_0027070.jpg,0.9961200067707732
bkl,ISIC_0026142.jpg,nv,ISIC_0025869.jpg,0.9961422213578791
bkl,ISIC_0025099.jpg,nv,ISIC_0030456.jpg,0.9961488207615418
bkl,ISIC_0027279.jpg,nv,ISIC_0029592.jpg,0.9961575191246934
bkl,ISIC_0030849.jpg,df,ISIC_0028346.jpg,0.9961612377580532
bkl,ISIC_0025575.jpg,bcc,ISIC_0028085.jpg,0.9961654190983003
bkl,ISIC_0025627.jpg,bcc,ISIC_0026213.jpg,0.9961711435280675
bkl,ISIC_0026174.jpg,bcc,ISIC_0030010.jpg,0.9961781356198901
bkl,ISIC_0026846.jpg,nv,ISIC_0025125.jpg,0.9961817385171228
bkl,ISIC_0024408.jpg,bcc,ISIC_0030010.jpg,0.996183182163479
bkl,ISIC_0030565.jpg,nv,ISIC_0025701.jpg,0.996184686242392
bkl,ISIC_0026714.jpg,nv,ISIC_0027319.jpg,0.9961888959599005
bkl,ISIC_0026316.jpg,nv,ISIC_0025587.jpg,0.9961991324207774
bkl,ISIC_0031519.jpg,nv,ISIC_0033671.jpg,0.9962012251814046
bkl,ISIC_0027967.jpg,bcc,ISIC_0024787.jpg,0.9962105503893192
bkl,ISIC_0030812.jpg,nv,ISIC_0029722.jpg,0.9962187888997516
bkl,ISIC_0026219.jpg,bcc,ISIC_0028928.jpg,0.9962290782883327
bkl,ISIC_0029126.jpg,nv,ISIC_0031072.jpg,0.9962568569679281
bkl,ISIC_0029505.jpg,nv,ISIC_0026657.jpg,0.9962606766416445
bkl,ISIC_0024881.jpg,nv,ISIC_0027443.jpg,0.9962716774896017
bkl,ISIC_0024782.jpg,nv,ISIC_0030930.jpg,0.9962768635351102
bkl,ISIC_0030607.jpg,nv,ISIC_0026633.jpg,0.9962792454339287
bkl,ISIC_0025392.jpg,nv,ISIC_0026518.jpg,0.9963079571049429
bkl,ISIC_0030346.jpg,nv,ISIC_0025073.jpg,0.9963169941072296
bkl,ISIC_0033945.jpg,nv,ISIC_0029592.jpg,0.9963174223555079
bkl,ISIC_0029340.jpg,bcc,ISIC_0030230.jpg,0.9963662330763603
bkl,ISIC_0026477.jpg,nv,ISIC_0029756.jpg,0.9963791523253388
bkl,ISIC_0027796.jpg,bcc,ISIC_0027819.jpg,0.9963794850760759
bkl,ISIC_0027559.jpg,df,ISIC_0025668.jpg,0.996381825092875
bkl,ISIC_0032460.jpg,nv,ISIC_0029350.jpg,0.996395117189054
bkl,ISIC_0027533.jpg,nv,ISIC_0031563.jpg,0.996398626103889
bkl,ISIC_0029195.jpg,nv,ISIC_0029619.jpg,0.9963988495365013
bkl,ISIC_0028656.jpg,nv,ISIC_0033211.jpg,0.9964001425844621
bkl,ISIC_0025419.jpg,nv,ISIC_0025129.jpg,0.996422661326783
bkl,ISIC_0024505.jpg,akiec,ISIC_0031672.jpg,0.9964239336806899
bkl,ISIC_0031593.jpg,nv,ISIC_0031165.jpg,0.9964298320183141
bkl,ISIC_0028404.jpg,nv,ISIC_0031662.jpg,0.9964395321991326
bkl,ISIC_0025746.jpg,nv,ISIC_0031924.jpg,0.9964416001968337
bkl,ISIC_0033262.jpg,nv,ISIC_0033382.jpg,0.9964553595250204
bkl,ISIC_0026637.jpg,nv,ISIC_0025290.jpg,0.9964628305926592
bkl,ISIC_0031029.jpg,nv,ISIC_0027635.jpg,0.9964641081788218
bkl,ISIC_0026044.jpg,nv,ISIC_0030210.jpg,0.9964810552068086
bkl,ISIC_0029793.jpg,nv,ISIC_0028770.jpg,0.996490145844482
bkl,ISIC_0025879.jpg,nv,ISIC_0030952.jpg,0.9964978818262658
bkl,ISIC_0033761.jpg,nv,ISIC_0033917.jpg,0.9964998996813719
bkl,ISIC_0033910.jpg,nv,ISIC_0033097.jpg,0.9965063288636972
bkl,ISIC_0025642.jpg,nv,ISIC_0031883.jpg,0.9965228065730078
bkl,ISIC_0024477.jpg,nv,ISIC_0031072.jpg,0.9965278263029225
bkl,ISIC_0025915.jpg,vasc,ISIC_0030770.jpg,0.9965303629438345
bkl,ISIC_0026532.jpg,nv,ISIC_0025547.jpg,0.9965373829523951
bkl,ISIC_0029823.jpg,bcc,ISIC_0032384.jpg,0.996556507646655
bkl,ISIC_0027771.jpg,bcc,ISIC_0031169.jpg,0.9965691901459602
bkl,ISIC_0028449.jpg,akiec,ISIC_0025831.jpg,0.9965712133229603
bkl,ISIC_0028309.jpg,nv,ISIC_0024479.jpg,0.9965744483351096
bkl,ISIC_0029588.jpg,nv,ISIC_0026382.jpg,0.9965868280117232
bkl,ISIC_0032249.jpg,nv,ISIC_0029098.jpg,0.9966014126836571
bkl,ISIC_0028856.jpg,nv,ISIC_0030740.jpg,0.9966018190888388
bkl,ISIC_0027735.jpg,nv,ISIC_0030567.jpg,0.9966111678699413
bkl,ISIC_0031396.jpg,nv,ISIC_0027028.jpg,0.9966116277782217
bkl,ISIC_0024850.jpg,nv,ISIC_0032493.jpg,0.9966119172009276
bkl,ISIC_0033491.jpg,nv,ISIC_0027181.jpg,0.9966208330714665
bkl,ISIC_0029232.jpg,nv,ISIC_0033918.jpg,0.9966275936296493
bkl,ISIC_0025076.jpg,nv,ISIC_0030253.jpg,0.996629866955003
bkl,ISIC_0032655.jpg,nv,ISIC_0028596.jpg,0.996633312111882
bkl,ISIC_0032124.jpg,nv,ISIC_0024687.jpg,0.996644216778853
bkl,ISIC_0033553.jpg,nv,ISIC_0024830.jpg,0.9966557019777802
bkl,ISIC_0027612.jpg,df,ISIC_0025594.jpg,0.9966586602127535
bkl,ISIC_0029525.jpg,nv,ISIC_0031165.jpg,0.9966684434909342
bkl,ISIC_0032024.jpg,bcc,ISIC_0031169.jpg,0.9966688843281207
bkl,ISIC_0025470.jpg,df,ISIC_0033891.jpg,0.9966705906502662
bkl,ISIC_0029912.jpg,nv,ISIC_0025689.jpg,0.9966810826974346
bkl,ISIC_0026895.jpg,nv,ISIC_0032279.jpg,0.9966812948305477
bkl,ISIC_0028497.jpg,nv,ISIC_0031815.jpg,0.9966935220212396
bkl,ISIC_0031893.jpg,akiec,ISIC_0024646.jpg,0.9966954408792512
bkl,ISIC_0030123.jpg,nv,ISIC_0030930.jpg,0.9967061837879024
bkl,ISIC_0024338.jpg,nv,ISIC_0025278.jpg,0.9967111453559386
bkl,ISIC_0033677.jpg,nv,ISIC_0031668.jpg,0.9967117682274199
bkl,ISIC_0033620.jpg,nv,ISIC_0024620.jpg,0.9967126436083765
bkl,ISIC_0028560.jpg,nv,ISIC_0031646.jpg,0.9967167939015679
bkl,ISIC_0028615.jpg,df,ISIC_0031443.jpg,0.9967205107355197
bkl,ISIC_0028525.jpg,nv,ISIC_0027641.jpg,0.9967232677459559
bkl,ISIC_0025378.jpg,bcc,ISIC_0025691.jpg,0.9967335533982803
bkl,ISIC_0026335.jpg,nv,ISIC_0028387.jpg,0.9967454082843208
bkl,ISIC_0029311.jpg,bcc,ISIC_0025322.jpg,0.996747120158157
bkl,ISIC_0027954.jpg,nv,ISIC_0029330.jpg,0.9967690406657718
bkl,ISIC_0028925.jpg,nv,ISIC_0029350.jpg,0.9967702681851639
bkl,ISIC_0029612.jpg,akiec,ISIC_0029371.jpg,0.9967751114211477
bkl,ISIC_0029841.jpg,bcc,ISIC_0031169.jpg,0.99677842307496
bkl,ISIC_0031349.jpg,nv,ISIC_0029072.jpg,0.9967966189850426
bkl,ISIC_0030005.jpg,bcc,ISIC_0030177.jpg,0.9968048379026864
bkl,ISIC_0025939.jpg,nv,ISIC_0032436.jpg,0.9968235211906317
bkl,ISIC_0025431.jpg,nv,ISIC_0025587.jpg,0.9968322386838696
bkl,ISIC_0030459.jpg,bcc,ISIC_0030352.jpg,0.9968399319313112
bkl,ISIC_0029301.jpg,nv,ISIC_0030666.jpg,0.9968523865483883
bkl,ISIC_0029320.jpg,mel,ISIC_0028317.jpg,0.9968584343439005
bkl,ISIC_0024760.jpg,nv,ISIC_0030285.jpg,0.9968625111901394
bkl,ISIC_0032043.jpg,bcc,ISIC_0032225.jpg,0.9968635468898591
bkl,ISIC_0033400.jpg,nv,ISIC_0028947.jpg,0.9968700039046309
bkl,ISIC_0024676.jpg,nv,ISIC_0026815.jpg,0.9968727243257554
bkl,ISIC_0031716.jpg,nv,ISIC_0028166.jpg,0.9968753950013511
bkl,ISIC_0028593.jpg,df,ISIC_0025911.jpg,0.9968768930503081
bkl,ISIC_0031329.jpg,bcc,ISIC_0025691.jpg,0.9968825191168161
bkl,ISIC_0029135.jpg,nv,ISIC_0029112.jpg,0.9968846579574115
bkl,ISIC_0030316.jpg,nv,ISIC_0026198.jpg,0.9969089470158028
bkl,ISIC_0028646.jpg,bcc,ISIC_0029669.jpg,0.9969174628788807
bkl,ISIC_0029557.jpg,nv,ISIC_0026751.jpg,0.9969300619445406
bkl,ISIC_0029040.jpg,nv,ISIC_0026382.jpg,0.9969339022528148
bkl,ISIC_0034221.jpg,nv,ISIC_0026037.jpg,0.9969401574370496
bkl,ISIC_0024774.jpg,nv,ISIC_0033671.jpg,0.9969452107141875
bkl,ISIC_0030227.jpg,nv,ISIC_0025587.jpg,0.9969452385817257
bkl,ISIC_0026311.jpg,nv,ISIC_0031072.jpg,0.9969527392344574
bkl,ISIC_0029233.jpg,nv,ISIC_0027946.jpg,0.996954883220415
bkl,ISIC_0025810.jpg,nv,ISIC_0028166.jpg,0.9969557586090081
bkl,ISIC_0027355.jpg,nv,ISIC_0031960.jpg,0.9969724815809148
bkl,ISIC_0030926.jpg,df,ISIC_0032468.jpg,0.9969785683502962
bkl,ISIC_0025985.jpg,nv,ISIC_0025342.jpg,0.9969822553576984
bkl,ISIC_0027463.jpg,nv,ISIC_0026037.jpg,0.9970049821786295
bkl,ISIC_0026262.jpg,nv,ISIC_0031818.jpg,0.9970082569191664
bkl,ISIC_0027192.jpg,nv,ISIC_0032312.jpg,0.9970098616345343
bkl,ISIC_0026737.jpg,nv,ISIC_0034163.jpg,0.9970161870957774
bkl,ISIC_0031650.jpg,nv,ISIC_0025193.jpg,0.9970218547166032
bkl,ISIC_0032382.jpg,vasc,ISIC_0030770.jpg,0.9970250193711873
bkl,ISIC_0029687.jpg,vasc,ISIC_0030606.jpg,0.9970254984885886
bkl,ISIC_0032417.jpg,nv,ISIC_0029191.jpg,0.9970288222406157
bkl,ISIC_0030683.jpg,nv,ISIC_0031072.jpg,0.9970323134739002
bkl,ISIC_0027957.jpg,nv,ISIC_0026358.jpg,0.9970342441334357
bkl,ISIC_0029764.jpg,nv,ISIC_0030431.jpg,0.9970389565839227
bkl,ISIC_0031277.jpg,bcc,ISIC_0028858.jpg,0.9970403346889374
bkl,ISIC_0031937.jpg,nv,ISIC_0030639.jpg,0.9970405356877312
bkl,ISIC_0024772.jpg,nv,ISIC_0032312.jpg,0.9970545056896214
bkl,ISIC_0028100.jpg,bcc,ISIC_0028329.jpg,0.997059456693591
bkl,ISIC_0024422.jpg,bcc,ISIC_0031728.jpg,0.9970603082769712
bkl,ISIC_0026844.jpg,nv,ISIC_0033782.jpg,0.9970870022729101
bkl,ISIC_0031558.jpg,nv,ISIC_0025995.jpg,0.9971063660591765
bkl,ISIC_0027394.jpg,bcc,ISIC_0029857.jpg,0.9971091532501487
bkl,ISIC_0024761.jpg,nv,ISIC_0026633.jpg,0.997124875183013
bkl,ISIC_0029102.jpg,nv,ISIC_0031072.jpg,0.9971267795611177
bkl,ISIC_0030396.jpg,bcc,ISIC_0033747.jpg,0.9971358855903303
bkl,ISIC_0024705.jpg,bcc,ISIC_0034161.jpg,0.997146345655027
bkl,ISIC_0027332.jpg,nv,ISIC_0031022.jpg,0.9971528039755001
bkl,ISIC_0030323.jpg,nv,ISIC_0031315.jpg,0.9971605104066481
bkl,ISIC_0029060.jpg,nv,ISIC_0031668.jpg,0.9971637192565738
bkl,ISIC_0027982.jpg,nv,ISIC_0034163.jpg,0.9971779059686896
bkl,ISIC_0029068.jpg,vasc,ISIC_0032919.jpg,0.9971911773271006
bkl,ISIC_0027037.jpg,bcc,ISIC_0030352.jpg,0.997193281093042
bkl,ISIC_0028826.jpg,df,ISIC_0025911.jpg,0.9972080177917119
bkl,ISIC_0029770.jpg,nv,ISIC_0028356.jpg,0.9972223884912516
bkl,ISIC_0025984.jpg,nv,ISIC_0029879.jpg,0.9972236568058619
bkl,ISIC_0029202.jpg,nv,ISIC_0031907.jpg,0.997232006467626
bkl,ISIC_0025699.jpg,nv,ISIC_0033994.jpg,0.9972353768599094
bkl,ISIC_0028180.jpg,bcc,ISIC_0029669.jpg,0.997255057625912
bkl,ISIC_0026526.jpg,bcc,ISIC_0029669.jpg,0.9972562148542886
bkl,ISIC_0030372.jpg,nv,ISIC_0031685.jpg,0.9972629539277913
bkl,ISIC_0029617.jpg,nv,ISIC_0031924.jpg,0.9972659217742648
bkl,ISIC_0031577.jpg,nv,ISIC_0026238.jpg,0.9972702019568931
bkl,ISIC_0025906.jpg,nv,ISIC_0030553.jpg,0.997271686545839
bkl,ISIC_0025040.jpg,nv,ISIC_0026633.jpg,0.9972778782594087
bkl,ISIC_0028388.jpg,bcc,ISIC_0031569.jpg,0.9972851181488545
bkl,ISIC_0033660.jpg,bcc,ISIC_0028973.jpg,0.9972904751744694
bkl,ISIC_0025758.jpg,nv,ISIC_0031688.jpg,0.9973092803045116
bkl,ISIC_0029927.jpg,vasc,ISIC_0030770.jpg,0.997310666852423
bkl,ISIC_0027167.jpg,nv,ISIC_0027699.jpg,0.997314914479749
bkl,ISIC_0031017.jpg,df,ISIC_0024396.jpg,0.9973209367447602
bkl,ISIC_0028308.jpg,nv,ISIC_0026037.jpg,0.9973260900324746
bkl,ISIC_0025157.jpg,nv,ISIC_0030856.jpg,0.9973447015519917
bkl,ISIC_0032365.jpg,nv,ISIC_0027382.jpg,0.9973463033768224
bkl,ISIC_0026422.jpg,nv,ISIC_0027028.jpg,0.9973551844848464
bkl,ISIC_0027270.jpg,nv,ISIC_0024578.jpg,0.9973686819672802
bkl,ISIC_0031770.jpg,bcc,ISIC_0032185.jpg,0.997370148717351
bkl,ISIC_0029585.jpg,bcc,ISIC_0028858.jpg,0.9973787778359335
bkl,ISIC_0030231.jpg,nv,ISIC_0030676.jpg,0.9973810620817586
bkl,ISIC_0031212.jpg,vasc,ISIC_0030770.jpg,0.9973852514639405
bkl,ISIC_0024495.jpg,nv,ISIC_0033187.jpg,0.997386640175665
bkl,ISIC_0025856.jpg,nv,ISIC_0030838.jpg,0.9973943669393235
bkl,ISIC_0031580.jpg,bcc,ISIC_0028085.jpg,0.9973987474025484
bkl,ISIC_0029731.jpg,nv,ISIC_0028433.jpg,0.9974050964093538
bkl,ISIC_0032315.jpg,nv,ISIC_0030666.jpg,0.9974309481678054
bkl,ISIC_0027202.jpg,nv,ISIC_0030676.jpg,0.9974324577071404
bkl,ISIC_0031196.jpg,nv,ISIC_0030848.jpg,0.9974472222915595
bkl,ISIC_0027859.jpg,df,ISIC_0025911.jpg,0.9974696890106464
bkl,ISIC_0030383.jpg,bcc,ISIC_0028858.jpg,0.997486097487921
bkl,ISIC_0026907.jpg,nv,ISIC_0027592.jpg,0.997489563891932
bkl,ISIC_0032230.jpg,nv,ISIC_0030676.jpg,0.9974982970960123
bkl,ISIC_0031436.jpg,nv,ISIC_0027592.jpg,0.9975000334638603
bkl,ISIC_0031707.jpg,nv,ISIC_0025789.jpg,0.997514701716264
bkl,ISIC_0025805.jpg,nv,ISIC_0032436.jpg,0.9975363767055091
bkl,ISIC_0028958.jpg,nv,ISIC_0030584.jpg,0.9975410531630868
bkl,ISIC_0026069.jpg,bcc,ISIC_0028858.jpg,0.9975524750479416
bkl,ISIC_0026923.jpg,bcc,ISIC_0029669.jpg,0.9975553705832678
bkl,ISIC_0024740.jpg,nv,ISIC_0032125.jpg,0.9975785646481603
bkl,ISIC_0033854.jpg,nv,ISIC_0032755.jpg,0.9975906600620321
bkl,ISIC_0032113.jpg,nv,ISIC_0027054.jpg,0.997598205310367
bkl,ISIC_0031528.jpg,nv,ISIC_0026464.jpg,0.9975984788307487
bkl,ISIC_0028607.jpg,nv,ISIC_0031515.jpg,0.9976020425693864
bkl,ISIC_0026365.jpg,nv,ISIC_0029187.jpg,0.9976039065347462
bkl,ISIC_0024324.jpg,nv,ISIC_0031883.jpg,0.9976045681457637
bkl,ISIC_0028473.jpg,bcc,ISIC_0029857.jpg,0.9976149767059497
bkl,ISIC_0031181.jpg,bcc,ISIC_0027473.jpg,0.9976191312826058
bkl,ISIC_0026606.jpg,nv,ISIC_0029862.jpg,0.9976271091428375
bkl,ISIC_0031326.jpg,bcc,ISIC_0029669.jpg,0.9976349872790885
bkl,ISIC_0029147.jpg,nv,ISIC_0032125.jpg,0.9976352527651048
bkl,ISIC_0024643.jpg,nv,ISIC_0031072.jpg,0.9976412998776397
bkl,ISIC_0029678.jpg,nv,ISIC_0028371.jpg,0.9976433609145668
bkl,ISIC_0031853.jpg,bcc,ISIC_0032414.jpg,0.997656077749338
bkl,ISIC_0024758.jpg,bcc,ISIC_0024984.jpg,0.9976616735024354
bkl,ISIC_0026249.jpg,nv,ISIC_0025547.jpg,0.9976680457064432
bkl,ISIC_0027370.jpg,nv,ISIC_0025283.jpg,0.9976690100830409
bkl,ISIC_0027969.jpg,mel,ISIC_0033180.jpg,0.9976756376721528
bkl,ISIC_0028386.jpg,nv,ISIC_0025293.jpg,0.9976851919532673
bkl,ISIC_0030822.jpg,nv,ISIC_0031072.jpg,0.9977130083747283
bkl,ISIC_0030394.jpg,bcc,ISIC_0030352.jpg,0.9977208974452774
bkl,ISIC_0025465.jpg,nv,ISIC_0031663.jpg,0.9977427874170511
bkl,ISIC_0026416.jpg,nv,ISIC_0026356.jpg,0.997742997742653
bkl,ISIC_0029427.jpg,df,ISIC_0025911.jpg,0.9977588602669143
bkl,ISIC_0029396.jpg,mel,ISIC_0026236.jpg,0.9977658909150188
bkl,ISIC_0025799.jpg,nv,ISIC_0031668.jpg,0.9977734899437688
bkl,ISIC_0026530.jpg,bcc,ISIC_0031169.jpg,0.9977925697134472
bkl,ISIC_0028511.jpg,nv,ISIC_0031960.jpg,0.9978096349093151
bkl,ISIC_0026803.jpg,vasc,ISIC_0030770.jpg,0.9978145310730162
bkl,ISIC_0030458.jpg,df,ISIC_0024845.jpg,0.9978194954933607
bkl,ISIC_0031168.jpg,bcc,ISIC_0029669.jpg,0.9978216572211019
bkl,ISIC_0025275.jpg,nv,ISIC_0029862.jpg,0.9978454938071312
bkl,ISIC_0026016.jpg,bcc,ISIC_0029669.jpg,0.9978535101938906
bkl,ISIC_0025016.jpg,nv,ISIC_0027431.jpg,0.9978670674781817
bkl,ISIC_0025330.jpg,nv,ISIC_0031072.jpg,0.9978712588844239
bkl,ISIC_0029580.jpg,nv,ISIC_0031072.jpg,0.9978908744309722
bkl,ISIC_0029464.jpg,bcc,ISIC_0029669.jpg,0.9979269015680219
bkl,ISIC_0030636.jpg,nv,ISIC_0031668.jpg,0.99792806295746
bkl,ISIC_0031485.jpg,mel,ISIC_0025128.jpg,0.9979328542366025
bkl,ISIC_0029289.jpg,nv,ISIC_0026911.jpg,0.9979332045976825
bkl,ISIC_0030876.jpg,nv,ISIC_0031072.jpg,0.9979491822148236
bkl,ISIC_0026871.jpg,bcc,ISIC_0027093.jpg,0.9979520021900269
bkl,ISIC_0024612.jpg,nv,ISIC_0027007.jpg,0.997962323637488
bkl,ISIC_0030649.jpg,nv,ISIC_0029592.jpg,0.9979701651208874
bkl,ISIC_0030988.jpg,nv,ISIC_0031694.jpg,0.9980181174078088
bkl,ISIC_0029108.jpg,nv,ISIC_0026633.jpg,0.9980545343209553
bkl,ISIC_0026567.jpg,nv,ISIC_0026023.jpg,0.9980882537712026
bkl,ISIC_0030698.jpg,vasc,ISIC_0024402.jpg,0.9980901795315477
bkl,ISIC_0024982.jpg,nv,ISIC_0025342.jpg,0.9980984080058624
bkl,ISIC_0025199.jpg,nv,ISIC_0025148.jpg,0.998120132462481
bkl,ISIC_0032271.jpg,nv,ISIC_0024354.jpg,0.9981252386829168
bkl,ISIC_0030583.jpg,nv,ISIC_0030285.jpg,0.9981346478170458
bkl,ISIC_0027470.jpg,nv,ISIC_0031668.jpg,0.9981585416604731
bkl,ISIC_0029674.jpg,nv,ISIC_0025172.jpg,0.998171245968965
bkl,ISIC_0026443.jpg,df,ISIC_0029039.jpg,0.9981716627318438
bkl,ISIC_0024947.jpg,nv,ISIC_0031072.jpg,0.9981783336096673
bkl,ISIC_0029741.jpg,nv,ISIC_0031072.jpg,0.9982366417901246
bkl,ISIC_0025767.jpg,nv,ISIC_0025172.jpg,0.9982746128994651
bkl,ISIC_0028448.jpg,nv,ISIC_0031685.jpg,0.9982892220500196
bkl,ISIC_0026072.jpg,bcc,ISIC_0026090.jpg,0.9983149623427249
bkl,ISIC_0027275.jpg,nv,ISIC_0030701.jpg,0.9983337584635007
bkl,ISIC_0029176.jpg,nv,ISIC_0031072.jpg,0.9983434091590877
bkl,ISIC_0029559.jpg,bcc,ISIC_0032414.jpg,0.9983439378822274
bkl,ISIC_0028830.jpg,nv,ISIC_0031072.jpg,0.9983553775082809
bkl,ISIC_0024337.jpg,nv,ISIC_0030676.jpg,0.9984163167502876
bkl,ISIC_0027151.jpg,nv,ISIC_0029187.jpg,0.9985602127904268
bkl,ISIC_0028020.jpg,nv,ISIC_0030639.jpg,0.9985658017689545
bkl,ISIC_0030806.jpg,nv,ISIC_0031072.jpg,0.998579030708925
bkl,ISIC_0025064.jpg,nv,ISIC_0031107.jpg,0.9985983602802666
bkl,ISIC_0026843.jpg,nv,ISIC_0031668.jpg,0.9986983898751313
bkl,ISIC_0024883.jpg,nv,ISIC_0028849.jpg,0.9989063531724114
bkl,ISIC_0032170.jpg,bcc,ISIC_0028085.jpg,0.9989885826425017
